crop_type,soil_type,rainfall,temperature,humidity,yield_tph
Maize,Silty,629.6041323774712,29.6265791853226,76.28677659669457,3.8534291751391843
Yam,Peaty,933.2385048234942,25.89315092679746,64.79838610994854,11.210423325151506
Yam,Clay,1102.2259032115267,27.231107441464257,78.52689448361639,12.375207690547676
Yam,Clay,995.8752038614497,23.643910897098504,75.54140361568727,11.34167842440273
Rice,Silty,722.9583184549753,31.278894685359106,63.145646215174374,4.756171845281198
Groundnut,Loamy,1038.4003882438706,28.279054225274272,69.95279133915186,3.4686142811520075
Tomato,Silty,794.3320957399999,25.20715044824962,55.23472726102547,20.275398735257088
Groundnut,Loamy,870.3736610097325,24.059452330631153,55.106225411705125,3.2679587301755006
Tomato,Sandy,1041.2201097593506,24.670716024489572,67.78593587680064,19.749285704275376
Tomato,Clay,1126.5714822665293,27.782584420711387,73.14696275686273,20.673828039392966
Groundnut,Silty,1064.1349387180205,21.899954630505167,61.16394540371238,2.594472314596471
Yam,Sandy,828.4630146810622,32.23229458932039,54.61002661168108,9.582107092530885
Groundnut,Sandy,812.9298922036985,27.56963572786752,72.03466797631134,2.2674661375158327
Groundnut,Clay,809.3314812154063,25.381768725674014,75.29571057508585,2.7041036890592465
Tomato,Peaty,605.345324359095,23.78191699899436,70.96592892864517,17.39920112028024
Yam,Silty,788.9143119525011,27.5548889187685,72.50708472760805,11.772625328914195
Cassava,Peaty,727.8992553226707,25.729311537022248,60.41914527202005,11.806472821538291
Beans,Sandy,777.9553915472918,27.043729415546906,70.7689599068709,1.9473871670197034
Yam,Sandy,874.3937740275499,25.51845590784546,64.0433814691232,9.540700985882816
Tomato,Loamy,556.0981007878554,23.509636103394815,69.79729072068125,15.337403604016323
Yam,Clay,1237.799357424377,25.75307610128501,73.85018682160504,10.006039413498826
Groundnut,Clay,652.9942657232489,25.81338423434803,75.08369764948874,2.240926362087235
Groundnut,Clay,961.8112566063922,24.92047515506122,47.64730574733855,2.535615548151175
Yam,Silty,960.495814952223,27.07648250933205,84.22134669585098,12.83417701372525
Beans,Loamy,946.6116650886422,27.76998839390118,81.31025090288523,3.4345061127059253
Beans,Loamy,1280.458751717086,22.839329309870024,57.32298160700303,2.4729182856097163
Tomato,Sandy,542.0616016353597,29.223028313850413,62.33332763481472,13.335752859770775
Cassava,Sandy,981.5136003370508,29.933442987630333,88.96077070030144,16.726031640859343
Yam,Peaty,642.7200887917154,19.537838017440418,68.21253754812604,7.379789709988398
Yam,Sandy,740.8548322444499,26.507231897542653,77.79176276945172,11.135016885587802
Yam,Loamy,630.730024265289,21.13860969353475,59.16430509112003,8.820812902672156
Groundnut,Silty,933.8713755829503,30.4395882885807,59.00845281753018,2.66998142192725
Rice,Loamy,711.4412232207042,34.449644063523074,55.143359849307366,4.668017930071856
Tomato,Clay,1142.2089833473035,28.34732838137052,63.12034522810291,19.414202005639275
Tomato,Peaty,1015.9787723853409,25.40755781880727,50.29273083479302,17.65912291738766
Rice,Peaty,1310.5637266667131,27.559970647507033,63.57634008668141,4.914465658120416
Yam,Clay,957.0394503546026,25.56175469208192,78.27546452071867,12.577507864808428
Groundnut,Silty,947.6409536776956,22.714358388978248,48.58208960905202,2.9736269851861183
Maize,Peaty,853.3250045465238,25.658844376024042,82.53733150690643,4.746239561175938
Rice,Clay,1067.2649666191514,25.618882069991436,64.93853759935915,5.271534620584785
Tomato,Loamy,1265.9452839415662,27.31704717415611,72.72726551932229,16.45486744617296
Cassava,Sandy,680.7601297238535,22.734154288517303,54.462171596854986,9.95908544995416
Maize,Silty,555.1378933877133,27.10721022408046,59.18996679999706,4.0303819354773145
Maize,Sandy,1039.9100136210209,31.680893376049603,63.145931849001194,3.2495867938421537
Yam,Loamy,963.0491657305176,27.618006754587988,51.9873431331996,11.903549609604958
Groundnut,Sandy,1554.5432497588195,33.56895613948585,54.76107979329416,0.8693834119078561
Yam,Sandy,746.4161763694935,28.104617512566193,79.4702434506588,10.457784465209361
Rice,Silty,341.7048522679497,26.43066927809282,52.25102705768524,3.6673901655844015
Maize,Clay,1192.2037900060877,26.67008106011605,43.90725930372042,3.559768820341313
Yam,Clay,565.270128868752,23.16125047540876,87.04296233985576,11.881844740424821
Tomato,Loamy,804.2552712351121,28.195444428291783,85.74437173286711,20.976378379389104
Tomato,Loamy,1102.1077697760534,28.521681260633166,60.48612714523881,20.050227882710722
Yam,Loamy,838.074826566587,26.067643784968656,67.78603867551507,11.85009818216728
Yam,Sandy,1163.3061126331554,27.54400264683963,69.22107690079044,10.655830423439134
Groundnut,Peaty,712.3949112788597,28.107729915856577,63.83256081903813,3.0859991434589236
Beans,Sandy,1000.3201036646902,24.329299766068313,51.65106233619898,1.8867487656640876
Maize,Loamy,1024.8372848818187,20.893949045590325,76.12926177869817,4.749144766370705
Rice,Peaty,777.4035500630133,27.923010215247817,65.62960158027492,5.357124804807995
Groundnut,Loamy,834.4858816662098,27.53396879235864,82.65790367591788,3.0862499360607054
Groundnut,Clay,945.8932295568362,28.03597896390485,60.53702502414452,2.3999815952897454
Rice,Sandy,1349.1110556826882,21.631485082793517,75.36593616437825,3.239523561290093
Yam,Clay,626.2463872169733,25.829403396754433,80.6005351363875,11.190037073540843
Groundnut,Sandy,1206.1270911342003,28.536803376253516,85.9272143140135,2.1516863726546305
Rice,Peaty,822.8915520809758,27.232910355507215,56.63091412039668,5.7674677167727495
Maize,Clay,1103.411089028592,26.332721298731943,79.05496512160784,4.999969543773988
Beans,Silty,1090.0014196960476,21.497859105213657,64.19656192522159,2.270845466476368
Rice,Peaty,1292.9193926519476,29.231368338141937,56.61283485705505,4.262223306595666
Maize,Clay,583.6943611609067,24.651009029111968,68.74411365861492,4.226568295801463
Maize,Sandy,304.26472776449395,28.06528355160591,65.86440287879094,2.5741285705010224
Yam,Sandy,363.5580480307668,24.93113801183113,72.09087587352026,6.049241347612892
Groundnut,Loamy,995.7727193021711,29.963043950451915,58.14867606173846,3.3347447253340397
Groundnut,Clay,960.5482852356638,27.820403124445434,68.2441188713807,2.629497122604444
Yam,Clay,860.3441415623868,28.341878525237234,76.99789096292353,11.209352055465054
Groundnut,Clay,1285.178442391333,24.397441199156027,55.13299979251616,2.2654392760243383
Beans,Sandy,902.9707744457714,31.65136206652946,75.28152779079832,1.844087430769075
Cassava,Loamy,1505.189806089982,26.281934088968846,40.95773249520183,11.009596886866607
Maize,Silty,928.0489155291885,31.583427397011846,45.7728855072929,3.831272917542439
Tomato,Sandy,693.5245645933899,28.538728121059478,71.29025411375325,19.025963351054294
Yam,Loamy,300.0,27.19023754886634,59.33868759633997,8.308983049777087
Maize,Loamy,935.9427723352572,29.660465798815487,67.75053648938082,5.352796147671705
Rice,Clay,853.3010324038207,27.68871633829935,74.84634170500902,5.471126536412039
Cassava,Silty,830.8819141020015,26.588602414351545,74.95422850428888,12.754737428386388
Tomato,Peaty,514.6317966648667,18.83234358053093,56.86082671813788,12.585571077329853
Tomato,Peaty,951.4254213048815,30.812261238487775,80.9322335872123,20.36812102201255
Maize,Loamy,874.4980375737672,31.737550613492893,66.1055199012093,4.502572518964392
Yam,Loamy,515.0605067330957,23.891531511932218,60.70379974310685,9.820647662566204
Yam,Peaty,540.6328060019696,28.374896138909715,52.513472730109584,9.474771720550292
Rice,Peaty,423.9644852796421,30.249039470489695,57.73999144629523,3.645573985775512
Cassava,Peaty,729.8863480612356,28.497616542432212,62.729067908763135,13.347250880812616
Yam,Loamy,1243.3720304373235,25.800248471974673,47.27770619785122,11.163208799539833
Rice,Silty,1189.794035590118,28.341819896138645,63.42634963755986,5.47326902871625
Tomato,Sandy,1440.0149375539759,27.242833972964725,66.9222871198049,16.50713211458381
Beans,Sandy,986.5982968807464,26.909480032161504,68.76689853749065,1.8275850934531286
Groundnut,Clay,361.02430664226415,23.089155604536373,59.495896580728,1.704773221664963
Yam,Sandy,1187.5582761758974,23.632681092804305,69.17250142941148,9.356461456979682
Yam,Silty,948.1846688479993,29.167098909413877,60.92889819339182,12.461717355215804
Rice,Sandy,901.6481562141898,36.09185804308541,67.6769569115033,3.762838228775706
Yam,Peaty,1051.002044785747,26.80125881962558,62.95510902602955,11.11031337296322
Rice,Clay,678.6003308117004,29.329548327097,78.02344405335091,5.173075559225362
Maize,Clay,1018.031050620261,25.919644305587557,76.22656550558179,4.271235414114603
Tomato,Loamy,382.38888126776055,21.767287094204782,81.3663467577669,14.783968422432237
Rice,Silty,509.3491014293668,18.0,58.478053904808384,4.190968614176104
Yam,Silty,754.5112056271328,28.627780733251072,46.26849976406669,10.295125603337286
Tomato,Silty,877.6138305265274,29.767821425915283,69.13574271483263,21.396972512253612
Beans,Loamy,1133.4320061867425,32.70127931668397,53.35820576418305,2.4852768191512356
Groundnut,Peaty,850.2505634592843,31.91337487223295,59.689571457293795,2.785931037278921
Groundnut,Silty,967.1394940639008,32.476513075844665,60.658754270669945,2.507012505608015
Rice,Peaty,1017.606827167216,21.5198432473682,72.64965083181346,4.741306127000997
Tomato,Sandy,300.0,24.24701978713541,44.76238218519077,9.72763143298285
Groundnut,Silty,853.4010773830637,26.113178508681948,63.08978154343927,3.074859077447975
Groundnut,Clay,1083.7809066337531,29.319330896349193,69.62045525187321,2.741222683702017
Yam,Silty,1429.1190587100775,26.695170401316215,61.31500137998508,8.451947371129698
Maize,Peaty,576.4373352237204,23.889209403691787,64.15183542017515,3.997479532644955
Beans,Silty,700.9608278682747,30.15064597406987,73.87295206761137,2.599641275151612
Beans,Peaty,1042.5912594157478,27.657907556201366,47.62247288701943,2.533659042982308
Cassava,Clay,666.079355513184,27.66445187493105,47.54213017690653,12.979118264191719
Tomato,Sandy,834.3454930812292,28.272090182436756,36.0809364104015,15.769833922442135
Beans,Silty,621.2454144290166,29.500387689207304,88.96755836897593,2.4789712184510986
Beans,Sandy,961.2165757605819,32.63890651974867,50.331508249521164,1.4760661209901653
Groundnut,Silty,470.5426214733905,22.516257776039588,59.91672072246994,2.145987146919084
Tomato,Peaty,962.8315271534179,20.787632791252552,71.18492483480973,16.533634157919984
Beans,Loamy,736.8272405264008,24.771846509142176,71.49357932965438,3.132709253599181
Rice,Loamy,461.7446974799499,28.88312053974888,52.58830337990722,4.592832108552845
Groundnut,Silty,1016.0437583611965,24.176903834924197,49.60838419687374,2.945284060062911
Cassava,Loamy,740.3660316378467,32.079125971573724,59.712170941163095,11.755345741132105
Tomato,Sandy,738.8868571265605,28.648977026899754,58.5985718340233,17.612677236850022
Beans,Silty,629.4476263467674,18.555268841746784,84.33124394014274,2.499085873067124
Tomato,Clay,396.4221094387518,25.913306083314197,61.56532460191197,13.888529338849597
Tomato,Loamy,1050.685897043884,28.8357758135013,47.067132562168325,20.430011083825843
Yam,Peaty,944.7096864336355,25.81936193276023,63.295961427109745,12.308512603727385
Rice,Peaty,569.5966571682079,20.94264938072474,66.97268843572763,3.824273657809565
Rice,Sandy,854.715089210711,32.83760663891832,51.755111626615914,3.883296808749753
Yam,Loamy,674.0477155551566,27.620886401229292,79.5502260419792,11.557115941890682
Tomato,Peaty,895.4336651158641,23.841519168226206,60.891908736033415,19.31134020306548
Cassava,Clay,479.9288317766237,28.68723392433934,58.72737564596383,7.713438246816176
Rice,Sandy,970.8161363713024,24.501438115872308,49.198037467301106,4.677096566347746
Rice,Loamy,1519.476593497859,28.47066009553728,69.65243769514417,4.422325778610476
Beans,Sandy,1062.52215232452,31.381037529978183,58.74412497635258,1.5230574190172002
Yam,Loamy,1105.6084475065372,32.24431054103856,59.49391408220839,9.76538325830394
Groundnut,Sandy,836.1020099966456,30.332187785989614,37.978672512571436,1.5659065321556556
Cassava,Loamy,300.0,23.627265444709185,54.018126609848885,8.361515573764537
Groundnut,Clay,836.2842306904174,23.39215197905096,64.31654550543766,2.6838253629660933
Tomato,Silty,663.2505301804233,28.95492135745978,62.34156661123039,19.269502263855543
Rice,Loamy,1082.4325485032873,23.377226600857757,64.85498419054079,5.5224258787160085
Rice,Sandy,493.495733554141,29.400121623461317,60.78857141338426,3.0764270213911127
Yam,Clay,1193.2849029108188,19.01741754119827,47.04033572116008,6.596121894358264
Cassava,Clay,973.4726155590171,29.685610341614293,51.318068970485236,11.640566922976138
Tomato,Silty,915.1513260432162,28.920585866024442,62.74794810885857,20.982567750211313
Maize,Loamy,1102.2195211620806,29.824528986805646,45.56153606729876,3.9914916093624884
Yam,Clay,1208.8085242481034,23.42781943170332,42.68197512145245,9.1245160018093
Rice,Peaty,1367.374575832922,28.80704150235508,60.53939964097166,4.134040600127445
Cassava,Clay,822.1911769898334,23.447262329949144,89.58506781035945,15.596643559136062
Maize,Clay,660.5788965696269,29.992567635040476,72.67551691397482,4.224256071400559
Cassava,Clay,1065.196497143932,29.590049827065172,72.64287540046652,13.936029502862802
Groundnut,Clay,921.7414801267449,25.05332814402806,49.64190850831976,2.830277985729297
Cassava,Silty,1253.397356076859,27.89324695899556,81.20750145143188,13.454227976676497
Groundnut,Loamy,615.6974436798844,28.38946956574594,65.724631141093,2.81191131164537
Rice,Loamy,879.2703133972298,33.291464083256244,75.73055994216091,5.230417915397388
Beans,Peaty,911.4952183070915,26.289801053215584,52.01087363134056,2.5792836852940084
Groundnut,Loamy,574.9179598799819,28.78927635091637,69.69517591919882,2.669936723299007
Rice,Loamy,1158.8823603339802,30.707283086137124,77.31004211462286,5.640300219947215
Beans,Silty,618.2383048869042,28.20611716662625,69.55136041238195,2.77117475621066
Groundnut,Sandy,865.6205493018953,22.645279423986956,61.170720835869226,1.8594598553921542
Tomato,Loamy,749.7475318998095,27.885096852394646,58.952507103072676,18.94850623767926
Groundnut,Peaty,795.4819291664068,27.854365361424232,68.27844827422547,2.6973265444454833
Rice,Loamy,1273.8220043782803,22.932721705429994,39.600146612353626,3.911503630277417
Beans,Peaty,908.0384922885017,26.588362006012076,79.57027794714202,2.437017188847636
Yam,Silty,1305.973932468929,23.052767322879,60.44232185852126,8.594397807195488
Tomato,Silty,815.1718786940096,31.996198492895765,87.04864010585024,18.860697772595913
Rice,Peaty,909.2498840160025,33.13791859345378,63.880416204158095,4.690992393130393
Beans,Clay,1726.501956635559,29.97949951195676,56.512825640582435,1.5925631321683058
Beans,Peaty,772.6649524456857,30.180104759622388,65.37302705325384,2.5348892751278536
Groundnut,Loamy,987.511612917413,28.487380641026522,41.75639680753501,3.257568766561926
Groundnut,Clay,525.002224754553,26.79556064649461,66.00777203977346,2.1239746413800833
Yam,Clay,551.0344567435642,25.575696879296043,57.98151038080399,9.13405833386663
Maize,Loamy,637.9478330978784,29.5349893710968,65.75602842001639,4.058347056733533
Tomato,Loamy,896.7969838383791,26.22661438774776,63.7589586371044,21.30245939268623
Groundnut,Peaty,1146.388898560558,23.111132846788546,50.93634088519046,2.3075446543366414
Cassava,Loamy,1223.6863184480758,25.490311966161713,34.979601870084146,10.050269425145721
Groundnut,Silty,754.9904892512442,25.570639804608458,65.46297347577101,2.8924363119380887
Maize,Peaty,724.2355005228442,23.9818871418356,70.74650646224553,3.965416801955866
Groundnut,Sandy,926.6638277688294,26.483951285286413,84.05931328579115,2.225871742059636
Cassava,Loamy,841.3878232006941,22.5304424426042,65.8390349719379,11.879031810120528
Beans,Loamy,1003.2286580040277,28.944537310275436,57.533987596948904,3.1985777444644197
Maize,Peaty,1273.4384567064558,28.852946924940028,81.36114454502838,3.876814115964287
Cassava,Loamy,674.5786333559092,27.417290513945872,58.14260936963915,12.799993620153709
Rice,Sandy,855.8728529307016,28.448273110165747,62.212768040909175,4.733661658856802
Cassava,Loamy,1016.5642571530215,31.07857637441512,84.76872797123995,14.504701050090198
Cassava,Sandy,600.7752276117526,26.692431401545328,76.28347357860306,12.664534444827794
Rice,Peaty,1130.4624294876676,28.717683481478367,79.40367509911187,5.738892891366918
Yam,Sandy,987.3187268025862,18.0,69.59462883662059,4.709783867876054
Cassava,Sandy,1017.4598362446559,28.671352680433785,51.050854638320835,11.71344126431979
Tomato,Clay,774.1521657911042,34.85022109341045,64.97696176188384,15.144787735148165
Groundnut,Clay,934.067050210289,23.491796067582197,63.683270579668516,2.5476684889490833
Yam,Peaty,833.483661451386,24.402327671008972,76.09229308624921,11.765462783039672
Yam,Loamy,872.3926980381302,27.780927064421583,72.40177039627736,11.833765537181186
Cassava,Silty,1187.2165960046577,25.55682094728344,47.99789488883751,12.753964571113446
Beans,Peaty,502.01403311325635,27.803186004122622,73.82699710914048,2.3222738902154716
Beans,Loamy,534.8900344964052,28.158640542486683,61.36856288635464,2.607013888552931
Rice,Clay,1284.6113727752997,33.28029519110126,80.77769445807087,4.015315570574743
Tomato,Sandy,1099.3739466639033,27.424122822548117,66.56917025493853,20.971684116684873
Rice,Silty,710.385396542848,25.549344269574494,72.60692453280491,5.509644657245922
Groundnut,Loamy,1074.2206029725694,25.688054879858367,74.07497796355767,3.4691450468350813
Tomato,Clay,1274.9992457084236,25.247393396850793,45.13885588177779,14.837570564609349
Tomato,Silty,913.5650628509587,26.04152323058817,60.958016388312885,21.708928460625916
Rice,Silty,982.1724463675145,28.434399600650423,72.39361601602685,5.163119338508523
Groundnut,Peaty,333.1453832327368,27.126209743792284,64.94440433330786,2.267342505158993
Groundnut,Peaty,952.7215125456155,25.24873622911085,70.82193335054886,2.8704912618404492
Beans,Peaty,1156.3954424097997,25.047800289037017,74.66814367091001,2.7189380081945247
Cassava,Clay,1153.2124733365242,29.44498220880027,66.22311064847189,12.085818796270866
Groundnut,Clay,760.2077300052142,28.89908062152186,53.53249799118323,2.545608641057995
Maize,Silty,846.9421680458993,27.38376714100903,94.341561740707,5.058185049851887
Beans,Clay,938.9590276366928,28.43910171305587,66.42017496065846,2.5744652876950247
Cassava,Sandy,1278.053047178939,25.40235099521347,78.58681486615097,11.34050326463905
Cassava,Loamy,621.289736404543,28.59258302121632,82.34151148311841,13.301759666152854
Beans,Silty,610.1995896023391,26.19747571256692,45.886468883341664,2.261313603508675
Tomato,Loamy,1242.943431412763,36.83223801430326,57.96097897914919,14.563261731324605
Beans,Loamy,860.6756118459423,28.514080581041533,65.74299780415951,3.1391011040618113
Rice,Silty,536.4914884522989,21.597311791172714,72.83893859937473,4.116253375512532
Yam,Sandy,902.21146294802,29.782262885204695,67.16436731631678,10.147688906155366
Maize,Peaty,882.5596083166679,32.52714926043571,70.93467986387424,4.514747774357914
Cassava,Clay,1193.8258222651734,29.149347119894184,72.18016456489859,13.396420682500391
Groundnut,Clay,1082.1880207834922,22.25465110105706,55.46480653849934,2.5222531691811896
Cassava,Clay,1286.7235553183243,26.04913965709448,51.17301390467879,11.11015411528942
Rice,Loamy,920.5370662484025,30.967881675648457,60.66475489995865,5.689409091992236
Rice,Loamy,1017.0824922913914,27.01087992564973,56.00223994058579,5.8516377266267625
Maize,Loamy,829.759666372355,33.19969434793689,63.81864797230544,4.303220530225148
Maize,Peaty,667.5060884853359,26.079243014402763,56.769767885880285,4.697961667028713
Cassava,Clay,1234.9955048227457,27.215966219176288,65.44673403705892,12.500911439802435
Yam,Silty,1346.8867007929634,18.881362456370738,40.98145106673586,6.194575341166196
Beans,Silty,1079.4271504386431,28.655805193096164,60.389049045433154,2.898700567905229
Maize,Peaty,947.855036130607,30.369301503703944,68.27174316118554,4.46602091208124
Rice,Sandy,928.7594118704562,27.004689463640705,82.67544286627489,4.379974058507504
Yam,Loamy,591.3616891426637,25.72858773350918,61.94470196280764,9.134062151966171
Maize,Sandy,676.1811635838717,35.60098432226562,86.62090337296576,2.555668830053664
Yam,Loamy,601.2069607310435,20.321543553711567,63.59743776309771,7.629185612662037
Rice,Silty,483.9464792486959,24.333089395914097,66.78352514363397,4.5449743122158015
Maize,Sandy,556.6728641191703,29.991400055474465,55.3974596407778,3.1262328081390716
Cassava,Loamy,542.1392502397335,25.89330803396584,69.3843649047652,12.631936010819915
Groundnut,Peaty,1298.2625115562737,30.526287698452958,61.92015060320297,2.519184978150803
Cassava,Clay,1409.725996203587,22.70200041712126,53.88160266611419,10.585275393913957
Tomato,Loamy,556.1393053441634,25.298320542553334,70.04272051369503,17.495922090948525
Beans,Peaty,724.7047599516277,24.50682027455552,54.445884456092685,2.750634448619767
Cassava,Clay,1130.557354145232,25.288228861583768,62.76851987376742,12.37869279880809
Beans,Loamy,541.7175880195548,20.66283462006862,38.00259466458071,2.0409171083392477
Rice,Peaty,888.4465963968679,31.51697316812411,69.9317909228105,5.415025025405364
Yam,Loamy,1036.2272480900945,29.55049981926021,58.08023249319569,11.983355944139442
Tomato,Peaty,757.1163185061785,23.07031048705152,50.79046001722073,17.30394014523357
Groundnut,Clay,693.9432840809422,27.093048694641347,71.84644443366183,2.698258221106313
Tomato,Loamy,1232.0150163714914,23.495479985352095,85.20303451445628,18.519328107707814
Yam,Sandy,917.6765227732831,25.557477175400614,43.30763768270081,9.914128398556494
Groundnut,Clay,1151.4978013191208,32.30877429998737,55.43706812843972,2.229978818736294
Cassava,Sandy,736.5939701644347,29.7107314635288,64.53754085787905,13.617656092228621
Cassava,Loamy,1159.827446443367,27.340946945352236,74.5493361169308,13.922887950662842
Groundnut,Silty,869.970291382277,24.073800098039744,72.94497841498104,3.127999399299454
Maize,Silty,1299.6110700185877,32.07270680432706,60.500663721810376,3.8754744327457336
Tomato,Sandy,906.0723821897844,24.900876928083974,84.44084370963262,21.754259899573793
Maize,Loamy,1210.340828682658,19.40284606571606,40.83076886161652,3.8528775792127092
Yam,Loamy,965.1160380677977,22.35761363838508,64.7211954697956,12.569095818671562
Groundnut,Sandy,944.1237017371311,25.46331131463272,60.26512577756728,1.7139554944457442
Rice,Sandy,1119.825608205282,21.485332354902848,57.06299729231821,3.300418673036828
Tomato,Sandy,913.9052229736941,19.70459245754034,72.37124526028477,16.63319963173713
Rice,Sandy,300.0,23.512534808991635,79.79482320923236,1.8702900384244057
Maize,Sandy,593.1997975985126,29.81599605554693,56.898632574278466,3.2107040507406674
Beans,Clay,1377.4187183298052,26.289703197136205,69.51253243547134,1.848581114735478
Yam,Silty,702.2676995014451,25.03736042569289,64.73302646180947,9.630871348002335
Maize,Loamy,1151.5412309605028,28.02526838224052,45.9332292298553,4.721883045408761
Beans,Loamy,411.72292084886396,23.238318951638,75.51852324897824,2.4780468269046794
Rice,Peaty,1383.468649982061,28.63993472477171,72.89465612519815,5.576569759916165
Tomato,Silty,692.5504814591912,28.497287393864966,70.26789235266673,18.748054198086088
Cassava,Peaty,1500.5595497434201,28.14395214635808,56.212575423175096,10.459718401239474
Yam,Peaty,834.2508239573639,28.967955051700727,49.49741278121972,11.087648095827124
Maize,Peaty,1021.2061921713008,25.683257636757872,58.9147366348611,4.589508005290008
Beans,Clay,801.7703014828493,30.207090043760985,44.2014907614922,2.283688289375482
Groundnut,Loamy,998.0064242807968,23.05554231429698,80.94357280219323,3.5104195067630943
Maize,Silty,506.1637582936798,29.901923748731186,69.8582610516285,3.4311900531240864
Beans,Loamy,994.7789671486482,28.94626345838103,67.12713640338627,3.1757119525127715
Rice,Peaty,1218.7688165767768,18.0,61.190737341947816,3.5836085482812288
Rice,Clay,924.4875951404011,31.370652203436773,51.96118568491292,4.787058409319423
Groundnut,Sandy,725.302873843284,32.170877719595126,58.4893061586581,1.6681247378390767
Tomato,Clay,1384.2025659626688,29.109283562072747,62.81000188819686,16.555757397997215
Tomato,Peaty,1207.457992855691,25.866053285762494,62.551165819418785,18.205500424591015
Rice,Loamy,1080.6143590233862,27.89567397536478,72.82097769683648,6.14703471698723
Groundnut,Clay,791.09932657949,34.80406144493342,46.18483500283402,2.112791256191752
Maize,Clay,678.4387104489456,34.80245763694591,76.94588339534381,3.6089855655550336
Groundnut,Clay,843.5211988631441,26.267069105361372,69.6863671558342,2.9847489354389807
Rice,Silty,663.0246579843046,29.88549471834743,76.05380895673751,5.449035193475685
Tomato,Loamy,829.5586861589699,23.74853791504297,54.581678832310644,16.656442915405727
Yam,Sandy,878.3033163610856,25.460043034146018,30.0,8.378668457825892
Yam,Sandy,727.197239983586,28.262070871798944,48.31177484029693,10.72927836474061
Groundnut,Silty,975.4105030857191,35.140229271585895,83.19728120707285,2.4773610219026265
Rice,Sandy,815.3582970049217,28.784643869667875,63.73731038898955,4.488885044443924
Tomato,Sandy,870.3054281377624,35.048561825630614,66.08891076502607,16.95425671018988
Yam,Silty,1150.3697490448565,24.463861319687965,54.75488932895106,10.973450343010356
Beans,Peaty,910.4666905201203,22.49762332720706,48.676899604528074,2.115553799569993
Beans,Silty,928.4661934562428,30.937653725978087,64.8390105569023,2.319420321067619
Rice,Peaty,857.6722608755222,34.33599562578904,47.514345044965324,3.9327657088475036
Rice,Loamy,1016.9943687501025,28.971595757307487,66.37501324428654,6.129634026800445
Rice,Silty,689.5335570878808,30.073205026178698,48.523963797373526,4.91131002939454
Cassava,Clay,739.763797070052,26.920601536360238,57.52951816801336,11.811013302308824
Rice,Loamy,612.962954803368,28.129791124326367,51.19897407017164,5.366563831191882
Rice,Sandy,752.7633219489384,24.813888071246872,80.90176074649807,4.872570853594847
Rice,Sandy,1029.6670546781281,19.62482678434609,64.48239692430911,4.251056213537202
Rice,Clay,917.6574239840272,28.918449328747688,75.74726291977214,4.861771612580573
Tomato,Clay,954.6757356823981,24.497932033358715,80.74430314663897,20.883185967909817
Maize,Peaty,570.3163816205608,18.0,62.19049355260505,2.8775776926928147
Yam,Silty,1180.508550147732,31.194819427808426,62.955338919726664,8.36010907182027
Yam,Sandy,1044.3936594122297,28.082870495549308,76.77775699169739,10.550184996771419
Tomato,Loamy,650.5487841831143,29.62228024520299,44.75182766703978,15.5586753218047
Beans,Peaty,832.1660460197791,29.93972911796479,67.84346466463096,2.5666705707110236
Groundnut,Silty,838.4687055905059,20.767416623527854,55.36111889657954,2.598010746641941
Rice,Loamy,492.5648549387861,24.464801182071298,58.019343809573044,4.501904421875864
Maize,Peaty,736.6235118889356,24.449863301591655,74.25839911714303,4.830375189305595
Tomato,Clay,798.0696530736099,27.489735092136897,55.2010987105331,17.80589640537005
Cassava,Clay,734.9485773674212,22.92784170072705,66.9447147087545,12.655207630306878
Tomato,Sandy,906.5334649161687,26.230224716567825,69.09810422644163,20.537878408977555
Groundnut,Peaty,571.778782297137,27.102982514547403,77.34537103694612,2.246079645274699
Tomato,Loamy,1209.3017213747871,26.464409433278256,71.6024299523173,19.12480425815061
Maize,Clay,478.5624852398806,18.794798420533944,76.3131896147033,2.451990867675324
Yam,Sandy,539.5250141497497,22.065106039206434,62.9139475988646,6.905558931522403
Maize,Peaty,1017.659988934694,28.122973762136127,67.86320949114132,5.362847382421833
Tomato,Silty,885.7169347872414,30.96441437181856,80.17447771205644,18.246709801364343
Rice,Loamy,1253.1114849254877,28.778276868196727,67.34315637775727,5.380708745553689
Yam,Peaty,974.9369564034843,26.116690562554307,64.48905654746667,11.971076055233278
Maize,Peaty,1038.353637209174,37.19985626945397,43.6761603280871,3.162760736768673
Rice,Loamy,1050.1246701550049,27.162951156647512,74.14225728850957,6.683064563850999
Cassava,Peaty,1194.3335949876864,18.794957371739628,84.08542757499228,10.487791158816755
Tomato,Peaty,582.8323063412045,24.092305414381325,66.7512595297373,16.762707042237086
Maize,Silty,1181.9739418417912,20.821728896440028,76.68582886060771,4.0588918894775645
Rice,Sandy,517.5100390599284,28.760670339319027,36.030705787627554,3.453226188801477
Tomato,Clay,913.8990572805433,26.58290906935228,79.0344577675266,21.789395417630534
Groundnut,Silty,768.2832990474872,31.455089690641323,71.43556363017072,2.7014538460112316
Rice,Sandy,492.5339564477838,28.359659702980395,43.88221150765441,3.5523507212095535
Groundnut,Peaty,1520.6074678892198,23.14952556196493,63.76805490751241,2.3123539302941287
Maize,Peaty,718.984866589226,27.783885999307067,65.02399227698105,4.641680854863395
Yam,Silty,876.776695297809,21.406816686531503,66.62148142241699,10.50504975535984
Rice,Silty,480.0867684479552,30.45986151998012,69.37430045591363,4.059238351734025
Tomato,Loamy,509.8259552767219,23.411064552777333,58.54626384371433,16.98938546751701
Yam,Loamy,1066.4555514254773,25.11589328998447,67.9753707302225,11.965322777935764
Cassava,Peaty,760.9490520631749,21.496151124991457,48.416611623636406,10.147234746158633
Cassava,Clay,1006.6551240766834,25.369811422996726,93.49527860031718,13.62817774800579
Cassava,Loamy,606.7322138885261,25.273095308660626,66.69703368008653,10.241156875105704
Tomato,Sandy,1394.7559401912836,25.412965955709925,68.11769428166612,16.967751552268652
Maize,Peaty,748.9503509818144,19.034922586973867,72.69188863273968,3.5438707221857753
Rice,Peaty,932.9151446722003,24.957118751178363,58.65888642661369,5.648185316512022
Cassava,Clay,1172.3019743791772,22.108098429085587,57.04758309973683,12.831691044798312
Maize,Loamy,925.3770380488145,23.708144245745743,58.64873231960128,4.964247281582252
Maize,Silty,876.3735582972497,26.892086200705354,62.42749868353863,4.534168405175969
Cassava,Sandy,1137.80225403658,22.21082995857109,62.72533386152866,10.133826282168803
Groundnut,Clay,798.9553729226272,32.170877827411346,71.07899785028305,2.144114335594911
Tomato,Silty,698.5905173718636,24.980512700178632,68.76582824128546,18.534998634491966
Groundnut,Clay,698.6273840065172,24.833687065930228,57.1235492774227,2.311344812088112
Rice,Clay,1063.4870363386788,32.98480383904225,92.21173044679105,4.4994988082723015
Tomato,Loamy,594.1879176727075,24.278379252881066,57.43900987693197,15.392732630846393
Groundnut,Sandy,862.4860615847338,22.741485535647577,75.10552350965159,1.794177929908044
Groundnut,Silty,782.6400427492573,27.252061746709682,49.45590578640758,3.149812874289793
Maize,Silty,977.1981263913892,22.28619107927152,67.52800253269544,4.170857832776633
Tomato,Silty,1110.390630281825,27.334036634707076,35.76349204103213,16.804906873024773
Cassava,Sandy,1215.3497598480205,30.88209434022246,45.89584397310254,10.41951932480421
Cassava,Clay,468.83275294861625,26.97233419619367,68.28610877970148,10.353071540365816
Yam,Silty,815.3184913808306,25.854430994107418,63.22313114542695,11.214541280830913
Tomato,Loamy,889.6763665897857,28.54859111739399,61.34687884571999,20.28257807660314
Cassava,Silty,400.56185926725277,28.669622945292602,64.9932428345245,10.010416172864174
Yam,Peaty,392.2679621874555,20.09158145549363,68.28564614388223,6.584520250212383
Beans,Clay,779.8469604551642,29.32523785983976,76.19166611589344,2.520639769605054
Cassava,Silty,352.0007592202552,29.69232672812995,79.66074399461111,10.36856021200514
Beans,Peaty,1075.186542353617,30.01185397786506,83.70579497358904,2.564195193870924
Tomato,Peaty,1094.2907332972984,27.200935250033552,51.5920687753847,20.059531414440958
Maize,Sandy,922.8703530460605,27.768547245129806,61.89552917977124,4.475919547546796
Groundnut,Clay,747.2966016814175,27.03844929734634,75.54744833241071,2.455876441533505
Tomato,Sandy,370.19058798897333,27.114433288386447,51.580330193521476,12.198924012959289
Tomato,Clay,733.1988925964599,27.809487079601777,61.407945106979334,20.187020523570535
Maize,Loamy,720.0972389946014,26.409718863098416,77.52492077264593,5.335178026276994
Yam,Silty,1070.4606959045595,23.203862821473166,81.95015683953207,12.393611624849626
Beans,Peaty,940.8805392934103,26.26838710390403,73.14228741680034,2.7316205576266577
Beans,Loamy,1126.7029352950574,25.033677097660437,57.60568712011167,2.781250106038335
Tomato,Peaty,424.6172190252094,29.554400761554355,86.70697450499324,17.712218556697383
Groundnut,Clay,1088.462214604612,31.97737222473245,59.51828023113603,2.322863377954694
Cassava,Sandy,969.3514036739268,23.27754094697849,67.39562021493818,10.904521774629028
Rice,Silty,1166.3732956109393,24.258870483996912,51.356929023074784,4.245579135539073
Rice,Loamy,748.7855770867827,21.57143205678181,70.43622507574607,4.972449832465793
Maize,Peaty,755.8111745334837,30.749565886253656,72.23524332506267,4.367599100130919
Cassava,Peaty,598.1628913394479,27.113295352544608,66.76786796583765,11.724616250342521
Rice,Peaty,697.0873017924426,28.78437247721641,71.6223052583755,4.210999463542364
Maize,Silty,300.0,24.843828410553563,77.30417641109307,3.3451411090369723
Beans,Silty,615.6283639536657,30.594170112122168,41.94194563341634,2.4197621602379895
Groundnut,Sandy,589.9772140849673,24.95909724694058,52.793307906780306,1.7497134573175257
Tomato,Loamy,453.0181051922279,25.58742758518233,54.64177205186867,17.0364009261455
Maize,Clay,1317.0995672181036,26.883468411690718,51.05678712343895,3.5494933453224413
Beans,Silty,568.5992154759684,27.331894009056313,50.26501339169788,2.0417719557807406
Yam,Loamy,431.25738893135053,24.36743696176368,54.09076533675973,7.729114653405639
Cassava,Sandy,914.6670074640884,27.858798531483664,43.683220443892466,11.616205619753499
Groundnut,Sandy,633.6224826426183,30.17821995231295,50.567640969187636,1.5377352845528272
Rice,Loamy,942.7233714392981,24.75828474850601,61.749276475148754,5.829744496235604
Rice,Silty,1026.1244058092493,27.83435931193099,63.93663265696199,5.607982461126146
Beans,Sandy,838.6830966083129,25.92655949260922,66.2562803586575,2.1371567859943053
Cassava,Clay,1100.1627921943923,20.373900935666633,67.60727789874349,12.287225214355013
Cassava,Sandy,944.3625204203461,25.038426859189236,65.37256640586266,12.911691702113579
Rice,Sandy,824.6323399765338,27.69433406219254,55.79339517763232,4.292905817245133
Groundnut,Loamy,1001.588506783113,28.90863141688471,67.77992533083821,3.5239789547412905
Rice,Silty,1001.9228437150967,28.06343098973147,63.90151976698151,5.57963783131549
Tomato,Peaty,782.4927452380878,24.669428011078473,70.20811788140128,20.350355298998082
Groundnut,Clay,1191.896346186572,26.670318986272083,51.668826857411354,2.6383496297748557
Yam,Clay,571.2190820935423,33.22013994090204,72.90556842039432,8.044144958099293
Groundnut,Peaty,941.4174237957066,26.901709237135886,57.07639860773613,2.9771506444689386
Maize,Peaty,903.8168363713249,24.235047761463388,66.55915824999289,4.6730259013018305
Groundnut,Peaty,517.3287886557117,28.97803682583419,33.77734021937973,2.1782396815157816
Cassava,Sandy,1240.1441177887766,25.272861267961435,72.91381057102275,11.662995481451928
Cassava,Clay,1091.5774980392134,25.38105499286397,76.95865861398084,13.112711966871165
Cassava,Clay,1139.8863279248417,29.31013122126617,87.99733852082493,13.31897592782035
Beans,Clay,641.472871791269,29.31154898291953,70.97507521123254,2.238756081887644
Yam,Clay,1099.3854962655557,22.71353327822311,78.9073949885228,13.010611611398073
Beans,Silty,913.9842121334033,29.0408784748021,59.08568277325329,2.4857881199869687
Rice,Silty,615.8472373143252,21.935483982547446,85.66831930394778,4.850343076069907
Maize,Sandy,819.6541850489751,26.394951211447975,76.574608186872,4.166004947063998
Maize,Peaty,849.0388825602959,25.802464882437835,48.117030012777654,3.907647572166141
Cassava,Clay,914.6891399182405,22.498544871519233,64.5863016195844,12.425693970599653
Tomato,Clay,662.0675885353297,28.42542362807414,69.64470475274892,17.049430049479234
Cassava,Silty,1165.8258785937228,29.719755356468145,63.85657055583278,12.393220920266918
Tomato,Clay,1021.6331435565108,27.682863906000108,72.5528480732264,21.541906815392956
Rice,Sandy,924.5940585690021,29.746410506460904,75.44987324439967,4.555067963310676
Yam,Loamy,1301.3081425637838,27.898305557492915,44.42616925404654,9.219253556292161
Maize,Loamy,827.2840239054478,25.207785032383054,81.8105823237556,5.120125832660255
Cassava,Loamy,954.9604835125496,28.36659226218859,70.95611641208878,15.762506865524438
Yam,Clay,1027.2398241239864,26.09276759239721,65.75237963884057,11.755453285292043
Tomato,Peaty,1100.8603499715177,28.94300988680691,65.5306040348022,18.83562473580552
Yam,Clay,892.7153759271066,27.676135529346194,91.47830368568482,12.48557321323433
Yam,Sandy,1177.8001374835176,27.34300669934784,93.05414143006598,11.227699928723503
Yam,Peaty,692.3105063278247,25.769663426998473,67.98720692475989,11.632983155284474
Rice,Peaty,1227.3698608270313,26.667621412925648,61.01397764193194,6.056062086664855
Cassava,Sandy,712.9347980455776,24.570076832131758,53.68784102562391,12.254628555227574
Maize,Loamy,933.1142436706863,26.77771963946606,73.77790889529122,5.243410575990515
Cassava,Peaty,958.3172998672145,29.10335749644964,68.99038775717169,13.314926731051655
Cassava,Silty,706.5961589551351,25.17461474324766,53.672557703335976,13.70642353676865
Rice,Sandy,1057.298277676507,31.365239973998577,95.0,4.146177115633287
Beans,Peaty,739.7944781146239,24.022131321660574,52.06900102875545,2.325395493857463
Cassava,Loamy,987.1110155597274,27.180944125000153,70.77234397716387,15.514972058938717
Beans,Loamy,802.9136764257906,34.424001909217836,67.81317339778518,2.2935706577698847
Groundnut,Peaty,447.4692228527679,27.060671202029575,63.538337311359996,2.199633568086983
Tomato,Clay,1042.7355472599968,29.541344265062172,53.827118144694765,17.519389736241056
Yam,Clay,944.9818563095787,20.5029095150994,62.83631572580559,9.24923110914414
Cassava,Clay,688.5184927898641,25.11162686327601,62.87768967712645,12.469391333016912
Cassava,Sandy,1181.0226132872265,25.969782967654627,59.526125646615704,12.506000156823186
Cassava,Loamy,787.1078873526898,29.766377169381602,76.75502409387168,15.363303551699147
Maize,Loamy,674.7318039485459,27.048643732663788,65.13533235942393,4.870550188079726
Maize,Silty,513.7538791599214,27.324378061101513,55.77973208542505,3.970212162794185
Beans,Peaty,614.0888300804712,27.820044261319143,66.81105832167795,2.496882498092056
Rice,Peaty,972.0952781148202,28.697786184724453,52.06926405359209,4.87628380232543
Beans,Silty,659.895257217341,23.346195749859753,64.53081294540137,2.4465878227345597
Maize,Loamy,820.7069631345939,31.302815011775365,55.32807669401843,4.196193050667036
Rice,Clay,1027.9971971038894,24.828184827729686,46.013995806476984,4.653223108801484
Tomato,Loamy,1203.074743369793,23.3719630879562,63.98576142186232,19.10280254510627
Rice,Sandy,1168.784403664114,22.86142299727747,68.98394592148321,4.200934240085839
Cassava,Sandy,1043.2403390323204,18.679483278945064,55.5826490341281,9.0567144169855
Maize,Loamy,1024.1787897367603,29.76278294484397,72.30142083715614,5.151632628608474
Groundnut,Sandy,781.5748752977476,28.457288518486344,51.91463296939427,2.009462133823007
Groundnut,Loamy,932.9854138369191,18.0,49.66293964745836,2.8454222489207046
Maize,Sandy,384.122761986461,31.323365859085953,65.16026709852407,2.6945513132653884
Cassava,Loamy,1019.2253754151639,28.270532367000808,73.369859743052,17.127014856575883
Yam,Sandy,489.11177736016094,28.563315303476163,78.69776921723862,9.675084947537282
Tomato,Clay,1202.8855557489132,30.24709839842922,95.0,18.841469489715095
Maize,Loamy,820.409047400412,25.284222474864286,54.31975100283677,4.1416958440390435
Yam,Sandy,996.0330955219752,25.273723540729314,88.22457420234932,11.975231872909038
Tomato,Peaty,967.9693073097918,29.8924255846264,68.35089864720274,22.251622029435307
Maize,Peaty,1028.9913841030843,28.282165267775152,61.540574502472175,4.876989194676026
Maize,Clay,829.696795055185,28.46812712498637,80.09334741043331,5.142818948919704
Groundnut,Clay,300.0,28.808459865269633,38.366308896523364,1.9009896870336893
Beans,Loamy,1159.915245166717,23.84261101636632,46.36991032039935,2.804862562955697
Yam,Loamy,772.1993851991369,27.29631448256467,95.0,13.885574697471691
Cassava,Silty,1119.4235918038726,32.178117503482675,62.71913992519106,9.764863227382115
Yam,Loamy,1111.0512845990904,23.605698617097243,62.883608594128034,10.560800345766463
Yam,Loamy,1094.8588240057065,29.280392172253855,72.45921575745166,11.99525135783531
Yam,Peaty,591.8520090615974,19.347453074373014,66.80097356414029,7.84460752583548
Tomato,Clay,1308.5473121814157,32.49499469749631,53.023716880473465,13.462629677605433
Rice,Sandy,1558.2952162129661,32.180347212998704,78.43276594398057,2.580731996231534
Maize,Loamy,1105.1160496796422,23.14768557517974,62.13876378823637,4.728872761103369
Groundnut,Loamy,807.7787012304839,18.462626264995848,71.05333577194962,2.540879341120825
Groundnut,Silty,877.4567777810479,26.042036014637812,74.48408698141645,2.902678614760961
Yam,Clay,1077.8498574105192,24.85070328629471,45.69431948876034,10.880280438626082
Cassava,Sandy,888.3012460128183,20.137040405356636,73.4716369603858,8.970516135534279
Beans,Sandy,669.2594055670385,22.94056249981562,59.69707979504372,1.4281921783905818
Groundnut,Sandy,1053.0628523359392,25.43875717539408,76.76229046006186,2.233045440239518
Rice,Silty,674.8556302036056,21.233762953333965,68.48879813440188,4.399662769353114
Tomato,Peaty,760.714133079956,23.846380897607666,83.90813110604793,17.74758565096392
Maize,Silty,1188.592107207482,31.74867105112387,56.0602047352923,3.8525356553725167
Groundnut,Sandy,300.0,20.485822104230554,61.63119918979146,1.161031286852
Cassava,Loamy,926.2435658511401,30.96826245397404,90.28261679933775,14.074478485026122
Cassava,Sandy,1373.734357549139,21.672302536830003,77.33097284664586,8.254131422307125
Groundnut,Clay,836.9190476759287,23.646959397545697,53.2027768681007,2.48224034898048
Rice,Loamy,866.2685871709891,27.245396055566257,71.85408879549257,5.886578676065793
Beans,Clay,1113.0292052355342,36.11269204562643,60.486749713285015,1.6624110406781674
Groundnut,Peaty,1112.967083917156,25.12719496318151,60.16204787683942,2.853499165813056
Beans,Peaty,793.2611631160961,27.313574685789522,76.95126421786709,2.653457016199747
Tomato,Loamy,401.68465844526514,22.592054266528535,49.24198738160075,12.518929511008661
Maize,Clay,717.2837104464869,24.290699402562826,59.71390566982408,4.494281795289441
Groundnut,Clay,904.193647971761,25.386408017967067,59.80120812052375,2.7112333390985546
Maize,Peaty,664.0194484138439,27.12768264464981,40.62056517604368,4.106140596970302
Yam,Silty,827.1821570109723,33.35784448649037,54.42513863076739,9.339968567494632
Rice,Clay,873.9226064647138,26.599872411983384,66.28526036011365,5.784881384598659
Yam,Clay,899.4149364289191,29.853606252600716,56.57879664479861,11.398463794545167
Tomato,Clay,1183.5715833829145,34.73724307087634,63.5349933443433,10.93479804817793
Cassava,Clay,1220.2875349152189,28.935768754588356,67.98696318410036,13.501754452501414
Tomato,Loamy,1216.6085487372955,30.21798286826445,83.2604054328435,20.109781852164144
Beans,Silty,820.1469609976958,24.89488715954348,85.48121168502769,2.9578246666914825
Maize,Peaty,932.1724037469614,24.947195221780124,65.13179471098881,5.214611639308419
Cassava,Sandy,455.01697847008063,26.24664440198346,86.38752551245655,10.364698749792785
Cassava,Peaty,1392.1927102098614,29.388373784344775,64.1598456942464,10.33082076130337
Tomato,Clay,759.08431594119,31.018897485805958,71.50634342869107,18.72232056480156
Beans,Peaty,854.5083104543137,30.65974042073243,54.61588601477799,2.18657217671357
Cassava,Sandy,1064.1219652974585,28.680844033791182,69.89274043541647,12.913806618763441
Yam,Sandy,888.1548870438194,25.295102537146878,61.2573042529352,12.36118673587334
Groundnut,Clay,1029.9449071169076,21.12311350331699,63.70119994012432,2.2022832213502226
Yam,Sandy,1001.1497735127784,25.669866782327315,39.80952388926507,10.564128309241955
Cassava,Peaty,1287.4323289971087,28.25634754228015,65.55269766292538,13.417792324142143
Cassava,Clay,1194.7278627476626,23.704618392195698,67.41613823857907,12.586959070415253
Cassava,Clay,1022.0337715014012,34.95547139092786,72.6792339896095,11.845896351697212
Groundnut,Peaty,880.9632357642064,28.334449865283414,55.21008022418681,2.6550242059044913
Beans,Clay,1256.8090091452948,23.531127895444275,76.61598565464638,2.1719787482080357
Tomato,Sandy,1019.6568462531164,30.480226638435113,65.99261842235826,20.733395310117228
Tomato,Silty,1062.2879108420784,24.083580929619636,90.903908128458,22.434507768190148
Rice,Peaty,481.8716890849992,24.120542919223148,79.85460425502477,4.519209691464794
Cassava,Sandy,1169.9553815357929,25.09676018476547,81.93580383052054,12.98221809421009
Tomato,Clay,1206.5281904338285,23.858774602008683,53.08583830599272,16.758574480680647
Beans,Loamy,553.9719143204925,21.16187890038816,74.8846511245255,2.3921479054292196
Rice,Clay,417.22929549555687,24.62357239976806,64.9091924404262,4.154731689024168
Groundnut,Peaty,1330.9177912604491,24.6040539153707,56.80289838097791,2.637440498575108
Rice,Loamy,756.47357045699,26.457034040867924,81.23688293050472,6.705602810115014
Groundnut,Silty,888.9672093794319,27.315548896836507,53.16511867380083,2.9685562623379758
Maize,Peaty,1196.4544645235512,31.2259875990892,61.049487219691905,3.9742172272006573
Tomato,Peaty,747.851003278977,29.060240531080908,63.94512215156942,17.91628080125422
Yam,Silty,1276.2352609680865,26.452524822998456,84.68424912677973,10.87767458394792
Yam,Silty,1522.095947984743,23.299146393678523,42.22622600120268,8.120040514510517
Tomato,Clay,894.6163453323792,24.949286263419452,68.21795337146379,19.170442311803267
Yam,Sandy,1016.9519849046989,23.470918898040082,56.59899164424933,9.594288882612787
Rice,Silty,790.1341444723259,27.415787889660155,60.20541270093886,5.462284295514271
Tomato,Loamy,729.5066997675983,29.41871898053407,82.23173749762131,20.023086070647256
Beans,Sandy,837.6995395869918,28.279205707634766,83.78935437443906,2.09560869419818
Tomato,Loamy,1018.0388641762094,31.31502310158153,62.34084596002277,20.38986827118647
Yam,Silty,513.7598185242089,27.49409156591424,43.92227935104423,8.620392274340475
Tomato,Clay,403.461644505967,22.521761214301357,52.61561305806107,12.146788372214022
Cassava,Silty,1263.7754592409826,30.34021915182094,70.94327535282318,12.178253650167258
Yam,Silty,675.8845876185226,30.000236237448142,51.655468947689585,10.518217648085376
Beans,Peaty,954.8247965429026,26.383254293633083,69.80371889971607,2.3269067645995274
Rice,Loamy,870.5279605616502,26.82280160430053,73.47839015477393,6.248923516431286
Beans,Clay,863.2353055854016,27.236444194282885,66.37920693897215,2.5371300455437655
Yam,Loamy,617.6310162111216,27.614951596576976,80.4791563834189,9.975902112249587
Groundnut,Silty,747.8015894870086,25.702513654344134,54.14230996142693,2.8121129892861245
Yam,Peaty,571.2481060939244,22.906364991324104,49.37678515803795,9.821658640789979
Maize,Sandy,893.3338443096047,25.590259706128162,53.666925459162904,3.758269617501654
Cassava,Peaty,1261.9384394533063,24.014717637727045,72.77088923674023,11.354437653490168
Rice,Clay,1165.0728385928037,31.060324963252427,77.55262701257479,4.716967812825904
Maize,Loamy,1094.9390439511121,28.370236130718375,60.27635034443547,4.591947864949942
Yam,Clay,1180.5425062013894,22.80844098838045,72.66511258011172,10.348378437034558
Beans,Silty,1126.7136299269418,24.569371653261264,45.59648719802065,2.4598272715334706
Maize,Sandy,759.0789850832475,24.570848366498254,43.14379589690434,3.8982682623609035
Tomato,Sandy,1100.1729551314388,30.387038853728157,71.92050033852082,18.362919362774818
Tomato,Silty,788.8332652060476,36.2215926404525,71.67094437559331,13.652171917706138
Cassava,Sandy,637.1740813573574,32.26577351506229,57.06717085031432,9.970389230914385
Tomato,Clay,1000.0398214932982,27.330644971368734,65.12962501827218,20.80308668349867
Rice,Sandy,783.1343082598769,32.17856630777827,63.69756040777812,3.6275329626920816
Yam,Silty,1186.096376981278,29.364623216075675,71.72395013878709,10.918542932594358
Rice,Clay,732.6741075128315,26.09135089028979,76.63765384870095,5.663654751004568
Beans,Sandy,677.5631222437703,27.380457534846933,85.71358849603412,1.5705989894518766
Maize,Loamy,542.2287337909816,24.77984152266059,60.626858983229106,4.165529370350893
Cassava,Sandy,901.8738356978563,25.126605516792974,47.45051138175017,12.935784426089654
Cassava,Clay,1119.225320605894,21.607429263075716,68.5870178310098,12.159288780132425
Cassava,Loamy,902.3850445273536,26.59306674141372,87.10580790281917,17.72979171125614
Beans,Silty,1548.4210214892773,23.796709975963367,76.7680795319291,2.2367371614527274
Tomato,Silty,1028.2496263981657,26.623631895068776,71.65196005558869,21.97745024055672
Cassava,Peaty,919.6038812179762,26.41244075700791,78.15277079668617,15.514706749202082
Cassava,Peaty,727.2074652127649,23.341580265105343,58.18733428096758,11.325259499501499
Rice,Silty,1153.7558530764534,26.4570439866366,82.17102822589223,6.357880709013889
Tomato,Loamy,686.3081393988095,32.51381827302439,64.2677917876591,16.593691010585808
Maize,Silty,668.6545151627287,21.859761993896477,72.59441988268746,3.8505917829350667
Yam,Clay,617.6208685207555,22.599161337565207,71.1216645873613,10.422718005778266
Groundnut,Peaty,1048.7830292486913,20.547584038894517,56.869861451698796,2.169651505920549
Tomato,Clay,930.4148608462106,19.150103324363485,49.13364840695061,13.513767462811762
Tomato,Loamy,1003.0662105738376,28.06953067165868,75.72558495122549,23.31642256795393
Maize,Peaty,899.5012159976459,28.062134152858345,71.13816442303029,4.999582203222955
Yam,Peaty,813.5649410716597,24.13854560584512,70.05940195891796,11.221517565546671
Cassava,Clay,734.0609467523116,24.678891872771324,57.05306216810489,11.159193424854795
Groundnut,Sandy,920.4405940782648,23.980199931493555,74.70257299522422,2.001496650601199
Rice,Sandy,1165.5177951969745,25.120160536518604,60.093210917494524,4.368479157267907
Rice,Peaty,905.209695625241,22.803090058491694,71.52652404934616,5.076509821209432
Rice,Silty,899.7088722805486,19.177375757354667,69.28837966586809,5.175443683654319
Groundnut,Silty,1376.0481150767068,23.430839351164877,75.94582875172135,2.3824971986424908
Tomato,Loamy,569.0323685276696,24.744404822910493,56.885039631636616,18.045818257218546
Tomato,Sandy,971.9731296260134,22.27352503680615,61.26032679260336,16.281601584684378
Groundnut,Peaty,1206.328061732468,30.69734955110809,55.937366966995754,2.013649204040744
Rice,Silty,1269.623014301374,25.595607712380616,55.99130458081865,5.527595652257225
Cassava,Loamy,906.3566676991445,25.97308918127609,63.4147854462425,14.737264656253531
Yam,Silty,1009.841530301679,29.541101615636993,79.03124130884206,11.271372117017979
Beans,Clay,823.412123787981,18.19366681479532,39.46196549617026,1.500900231392715
Rice,Clay,929.5878869884771,27.645283475114823,88.4113217922403,5.506528017850362
Beans,Clay,979.153235931592,24.423044092115827,65.33992094099528,2.186750396367509
Rice,Peaty,722.7802163420872,34.10990057672476,64.61030811299054,4.516706321265584
Beans,Silty,892.0066036122622,24.955897333722973,66.42948715239532,2.863921421349803
Cassava,Silty,550.4120116086947,24.25509521879687,63.49946700968139,10.53747311086057
Groundnut,Clay,876.6699998229792,32.408312530937955,62.65253203030774,2.3669966569934737
Beans,Silty,783.7611261143552,27.736871347762364,84.0320459715184,2.970806347357634
Rice,Sandy,1066.5895686527592,32.6959046881264,64.29149339233933,4.74473554615547
Maize,Sandy,700.719923108606,22.76481502608838,92.97229605869684,3.9278270306713448
Cassava,Loamy,1224.7459011871088,29.406922647912236,88.59352965650709,12.458011857845475
Maize,Peaty,779.7444401748654,20.092110632569895,77.72392645735633,3.8103633878824223
Rice,Clay,1513.540702925699,25.76364707860337,59.94616420811414,3.7792328279259944
Yam,Clay,752.654613419361,24.791634410037542,77.6862712428964,11.630787711383148
Cassava,Peaty,761.8499532980986,19.843451079483128,50.295298406370705,11.225043742263214
Tomato,Loamy,701.8290579303152,26.403566199677563,65.15884007362004,20.859331533254505
Rice,Loamy,681.3532239456808,27.955345142021862,63.801985034054596,5.7939355061063775
Beans,Clay,992.8534558305435,30.82054266782115,70.8418225657914,2.387947037369044
Beans,Clay,682.9387002794095,26.74800492646074,80.11647023456487,2.4098589053478694
Rice,Loamy,772.0157569209996,27.702976040465757,60.51783203382983,5.986302952409196
Tomato,Clay,1131.1356269052085,31.982458152927613,76.95030469246834,16.591149883220737
Rice,Sandy,880.2994161204457,25.42088624966205,51.340079276468686,4.346973118541399
Rice,Peaty,725.3195876620865,25.89473679845748,79.14141020381997,5.630803520064646
Yam,Peaty,944.3321283651088,25.98476979121962,65.0495945918584,12.129072034272191
Beans,Loamy,1439.9449447233462,24.04137837257851,75.30855269813283,2.59518766702991
Maize,Silty,1100.3816833446385,31.436682462813668,54.71388315467084,4.251754422820946
Rice,Sandy,572.7103204820726,30.668103521660385,59.403001927910786,3.13277228418025
Maize,Loamy,764.172767827934,25.352124197785624,73.87191230809884,4.846130164545151
Maize,Peaty,940.0607979587058,30.39293426761872,79.8579236178782,4.61507301455789
Rice,Loamy,696.1230036976937,33.3917327141738,51.39474769496326,4.972860718568855
Beans,Silty,1423.444078246596,29.069622550983695,52.807801647101336,2.1187981714465165
Maize,Peaty,1173.687548580046,26.75249542896438,65.5358993715616,4.829466882335946
Groundnut,Clay,563.6887365720223,24.154590913759368,67.82143931781998,2.426796138172727
Tomato,Silty,1102.6776494005771,28.005517663627273,73.98576663178973,20.211478930113728
Beans,Loamy,685.7260124517361,22.62940086252301,69.00258813963445,2.792856922474108
Rice,Sandy,1041.9890760320363,27.84925494963352,71.67939998813065,4.931855948250482
Cassava,Peaty,711.2024553015465,28.293970739736956,73.02101222343211,12.795807823252511
Maize,Loamy,737.8633474963665,25.157226562193596,51.50084773877414,5.148504559126739
Rice,Silty,1039.7328020991076,33.902685831803346,62.729051641179296,5.645233188279887
Beans,Loamy,966.3502714565643,25.60777730120927,69.46790672072366,3.311337362565207
Maize,Silty,1361.9471602505814,27.837022496217113,68.24582463332239,3.903908462834223
Yam,Loamy,865.1529225895649,24.871160947319495,55.68230710221963,13.71265028726826
Maize,Sandy,521.1837905968704,24.556224890935997,64.38118592628544,3.167249238135765
Rice,Clay,1075.9197834618967,24.742988926769346,69.08528532201855,4.97252034493974
Beans,Peaty,661.3956666299325,22.840639008906056,77.7705138662961,2.4655091422021074
Rice,Peaty,910.221397166317,29.718826946028013,43.86452714428946,5.340314143594603
Cassava,Clay,1063.048496038783,28.330081546670147,53.15533814555736,11.602355561646164
Groundnut,Clay,1046.8784931309572,29.415319953113883,48.58469267141764,2.3151958759404776
Cassava,Loamy,807.1006843306279,22.232822092015716,47.93537880631841,10.965721486332615
Tomato,Silty,593.0454716640925,26.594687715098818,77.70263379370178,16.91143061045719
Rice,Silty,1166.4367507752008,25.536060633726667,58.115963709698974,5.726819921353628
Cassava,Sandy,1187.1687065534477,28.501378868945196,60.88586416508196,12.46201445149453
Maize,Clay,1165.4295334606431,25.080790617472434,65.49447280137943,4.299978595945411
Maize,Sandy,633.4534094445144,30.559419668832497,70.59594526604499,2.8929359232462284
Groundnut,Sandy,1480.86420100741,30.50641889342293,82.12381720671763,1.4244857287129982
Tomato,Sandy,420.5286826964435,27.892787153537153,57.89625430724024,12.429500118063368
Yam,Clay,1060.0521748439348,21.915348586332485,59.61346855663538,10.917730379147404
Cassava,Loamy,1126.1379086628885,25.30344233457852,71.54952511819943,15.249265690507672
Yam,Clay,1136.3814965756078,22.969422633072153,78.36391648089558,9.964329925793622
Groundnut,Clay,967.144008619279,28.697928956043533,69.04348011272229,2.6027723804962233
Yam,Silty,1126.8106567900597,27.650421021316205,78.79252209149381,12.15882817997462
Beans,Clay,1151.1937170610677,25.703702866186127,69.10404148905225,2.3097350697537316
Yam,Clay,672.0931457123688,25.818995860628387,66.2893844323678,9.666936679463705
Tomato,Sandy,1319.0967241415474,25.283382437572012,69.74171382838071,12.805291918246434
Beans,Sandy,818.6090056591866,24.135258391563653,77.97740563554238,1.8091751669947111
Cassava,Clay,801.9298525548415,20.29114444882223,51.41616271907647,10.995145468152444
Rice,Sandy,700.7580090999165,25.600979802985826,85.92346240749879,5.053522226532399
Rice,Silty,1239.1735612500433,24.408194628246083,77.10919764480806,4.7825598403524285
Maize,Clay,794.4052521775437,23.400235156705556,62.39427664308423,4.245344356014204
Cassava,Sandy,1044.0279115587841,24.959521407175764,72.4444687271763,13.741481401640414
Cassava,Sandy,785.2405987848531,27.53039278517843,71.60304491640439,15.244735920517428
Cassava,Peaty,1153.7573869521188,37.80979268201099,71.19150172121412,9.256693008174349
Yam,Clay,637.6688458270542,25.446344272534354,58.925968799691994,10.425311515153455
Maize,Clay,935.9380906233188,30.806091170519625,75.35780886444967,4.418159876796892
Rice,Silty,1195.171430229829,29.70861913318453,45.72491818045541,4.732553877897256
Yam,Silty,1102.4957264514683,30.1853552322892,68.40687201410569,11.638603705084773
Maize,Peaty,724.7985610730542,26.085574631355612,65.2278942396813,4.557647423240765
Groundnut,Loamy,796.6543329183479,27.196719785812032,61.62356009713159,3.248600903103575
Yam,Clay,619.4711313673552,21.30185225117076,60.8219625099599,8.877645842118579
Maize,Peaty,1103.3533421646325,21.861076840459035,62.21159312747874,4.150734805182123
Cassava,Loamy,1040.2191837651471,23.790328687387337,65.77931705060891,14.110776447475772
Cassava,Peaty,690.513276680674,25.791950964649857,32.55418783911992,10.695390148716548
Rice,Sandy,634.9080278764648,27.579642525814283,64.32865481545679,3.3855047909499585
Cassava,Clay,658.6357259948529,28.699911357166805,49.61778502725602,11.56724491627449
Rice,Clay,978.8064900870859,27.436440471779715,61.938029899742546,4.875607353791794
Maize,Silty,748.1893958360231,26.971020406246446,57.701024633610594,4.86803259151505
Beans,Silty,649.0966915573273,26.02666297454232,67.71031803579862,2.6673441479940285
Rice,Sandy,726.083571599111,26.7428246844336,70.11348736183312,4.622379596800342
Maize,Silty,497.1931341504967,25.212079043314446,52.11557104738639,3.2500039667941856
Groundnut,Sandy,627.7561526007219,29.043252908525318,72.21310204897152,1.6708333377897053
Beans,Sandy,416.8569078507408,25.269810174360572,69.78778280842815,1.3952678880362146
Rice,Sandy,1173.482263737155,21.69507827470285,50.02846641027449,3.7874340431214586
Rice,Silty,804.6615352315882,32.848924299971365,70.92118385820434,4.843604553707027
Tomato,Peaty,374.16376542869534,27.45293337913554,60.703247965145906,12.495429482303804
Groundnut,Silty,929.9341555520305,30.305455539890954,66.6392273961524,3.155101146639352
Cassava,Loamy,870.0129013500926,30.72509265186514,53.25870943950279,15.541549961448823
Yam,Peaty,999.015605737795,28.83783590890409,87.52563770397971,13.32918342904907
Maize,Peaty,1264.9023000395512,25.80686197194244,66.28586087407189,3.919120746615134
Groundnut,Loamy,730.6426845824365,27.35059373297716,61.5908119356706,3.531121925219608
Groundnut,Loamy,912.0934242558328,27.22392198979099,60.51868440380582,3.542480190466318
Tomato,Loamy,790.4523085921182,30.425075022827375,58.54041085620021,18.82375626283883
Maize,Sandy,1083.0894897320234,33.79303428713654,73.6547044735975,3.564357783439712
Beans,Sandy,961.4443133273322,23.698940264707137,62.266813453023886,1.8680692663910956
Yam,Peaty,532.7133341236824,22.397398130617862,48.42603282211071,8.316456229392124
Tomato,Peaty,1254.2391434400554,20.364051802988776,82.0529112568374,16.8535588097339
Rice,Clay,821.1675796552706,30.834328440235332,71.60520213121742,4.560845681938733
Yam,Peaty,344.24984501904714,26.22012238484976,78.65548123280058,8.361874987708795
Maize,Peaty,1131.2300259808108,30.411631352803035,80.7204763144034,4.888863435753868
Maize,Sandy,1090.556224933759,27.92935027190765,66.07410799716577,3.895176949569407
Rice,Clay,651.6190077068497,26.012949313226766,67.89742591522915,5.42303710325443
Cassava,Clay,1160.9038356281926,30.777604797512424,62.22263842773451,12.501394632239123
Beans,Sandy,1243.755332460404,29.225451683930764,50.714194943739734,1.5261456182130073
Maize,Sandy,852.8799310178576,28.56700260533274,71.55054605286975,3.7626521923526743
Rice,Peaty,537.6028604709973,24.810315627595113,77.9086756099303,4.835384195087105
Rice,Sandy,1016.0798655237487,26.78967713285704,65.150942028222,5.1082952310417085
Yam,Peaty,910.4874654442195,25.907061318876714,45.97275950479693,10.290194853994645
Rice,Clay,1000.0280617921609,22.36744094509514,46.51574748981908,4.457863229872481
Tomato,Silty,851.4428849508683,31.574498436914055,69.22316924982388,19.442897597771545
Rice,Peaty,1143.755959654937,25.827737869542375,75.3571094433309,5.282504907815894
Cassava,Silty,991.5207680237842,26.460883391984467,69.85454231703388,14.389202398367507
Rice,Loamy,1317.4256795264307,30.67133503226505,55.869623059421876,4.9664866435624795
Yam,Sandy,591.9819926477958,30.618333044896417,44.55080449223113,8.550587410600244
Yam,Sandy,844.9978831990626,28.434129268681513,71.97438574393102,10.500461360285648
Yam,Loamy,929.4763398865581,22.603808224961867,62.96150619704313,12.127822854291026
Yam,Peaty,1086.510598978256,22.833797791410703,70.88728282947066,11.40933880836229
Groundnut,Clay,1104.0881150588586,28.27142077736636,64.13105193403348,2.534843934615348
Rice,Clay,988.3068593454713,27.65118495278266,71.6909101138978,5.132361446672097
Rice,Sandy,1434.181724601402,27.27457545772269,64.2600161695215,3.6458533457936597
Tomato,Clay,633.8515819580284,27.711224266878666,55.40411093242827,16.690019803229692
Groundnut,Peaty,1250.3040428195254,33.30346710241058,70.37770573552048,2.195086692818282
Maize,Silty,788.8358348543247,25.00102429974092,43.70068346505528,4.85230430747723
Groundnut,Loamy,1528.6294393902758,22.13666826723656,82.49804968974931,2.489061881490348
Beans,Loamy,471.57794331283753,32.13828637932854,74.43820101598196,2.413117997655383
Tomato,Sandy,700.9712217290153,24.97195970046405,59.43866463649525,14.97474623297032
Cassava,Sandy,1209.8143396874673,24.545295475826556,69.17843619133782,11.642549019045546
Rice,Silty,736.8299172851324,23.908011953693276,77.62489863228491,5.420819327140495
Tomato,Peaty,912.0405908464763,23.758726858773276,79.72329051723126,21.74981183549912
Cassava,Peaty,1209.5561765056589,24.71521297153972,63.47296029217655,12.328764198394794
Beans,Peaty,831.4665609588567,31.677328102568886,67.84805724552616,2.2192974715343974
Beans,Clay,1332.8417752745506,26.683883464107044,57.231077531580596,2.0284252105529017
Yam,Sandy,1270.004738873021,25.624314718448897,81.40881833286106,10.192256997568085
Yam,Silty,966.7405697512022,29.986314320041764,73.62911655306004,12.347216724712723
Maize,Peaty,839.458813809948,33.70402142050501,54.116756178849194,3.7114074927598217
Tomato,Peaty,1004.6345958693156,25.496845739369245,68.77695566707506,20.81384695892889
Groundnut,Sandy,902.4835944267801,23.148021334394468,44.18737085061319,1.7674119154847592
Rice,Clay,1036.9414909471898,28.98509747456893,41.80893174871267,4.362405268704512
Cassava,Loamy,627.7257223799706,29.13794360897841,56.75674854000985,12.184077869470906
Rice,Clay,1046.0007002011077,27.478709410608445,59.62052271626919,4.938321547726101
Cassava,Silty,584.6931122489266,28.496183647422935,95.0,14.560160554336765
Beans,Loamy,877.7421025873016,20.21436580548766,49.13256324919779,2.7511289027992554
Rice,Peaty,718.1944544773479,26.420223335105923,52.25544489384134,4.618360029376922
Yam,Loamy,668.2023417852706,24.40643497077387,55.62570768623593,10.804418366316927
Maize,Loamy,853.571288347598,29.08931064058109,63.29552470120472,5.05159545965446
Yam,Silty,1073.731439324984,26.485242751719884,65.96729330744625,11.288886338273365
Maize,Clay,1099.97835051137,28.557297218906175,70.46358126099891,4.6623953512393985
Groundnut,Silty,1081.06709161392,30.272880663579745,75.93473606228777,2.9589776251926114
Tomato,Sandy,959.3997772504035,29.213316673980295,68.38505469001856,20.305236882755654
Maize,Clay,1082.3512179696547,36.95853038217673,60.502459102519,3.059260061467723
Maize,Sandy,773.114825593897,32.405573173415355,56.92434778727042,2.9630862962539606
Maize,Clay,703.0209516190157,21.02060037466328,72.58165639054315,4.510870045369955
Groundnut,Sandy,466.6429374225383,30.149998825504067,56.27690049283812,1.5700413843434007
Tomato,Loamy,735.7279208384771,26.3771485548901,74.09332113123425,20.573610557420125
Yam,Silty,848.3037832254934,22.548506854246902,69.76437922752777,9.38324501474512
Maize,Clay,1097.4401542959931,28.06066899026451,72.08384687583668,4.62712477009076
Yam,Silty,1140.4217911601459,28.56149351486686,76.13054932776251,12.439917755142547
Yam,Loamy,550.5862829602532,28.471267440449182,71.55307076997714,11.16958968529011
Rice,Peaty,664.3279245879376,28.609650932077198,64.14599613376296,4.353636377039486
Beans,Sandy,418.3700421028718,23.69160206844318,81.22017647432128,1.536008199506712
Beans,Peaty,814.3582002726995,27.149178830775472,86.37472313097882,2.7709909190169584
Groundnut,Sandy,1302.6686452003441,25.688237965486096,73.6664205075975,1.5653172876212518
Rice,Peaty,1061.2204991970777,21.191411065857583,52.33479462853155,4.77078721383463
Cassava,Clay,817.0325074562265,24.37937631606679,62.35212712110461,13.27523911765068
Groundnut,Peaty,300.0,24.088835890080166,66.90915490626807,1.9524017086904466
Yam,Loamy,969.560474392904,25.932962479523074,58.677761648153876,11.875688319959199
Maize,Clay,789.7990254444692,24.43797223483,64.24631932227254,4.398053565441917
Beans,Peaty,821.9198528585586,30.355823296038363,79.78375283918027,2.62470981492043
Yam,Clay,814.4460452674638,26.10461903015096,75.25087832692199,12.064109296697106
Groundnut,Sandy,607.4418873012429,23.61378472918668,90.72136189732376,1.7997828664602562
Maize,Clay,1272.0857830532173,27.986329920392432,71.93785900237425,4.138547728480844
Maize,Peaty,855.9075431507046,22.160416403954805,63.94487108696123,4.326790448073916
Beans,Sandy,922.359756901356,18.830380352263933,63.872174806584546,1.6998865409738992
Groundnut,Loamy,689.1688746097669,29.06887280050695,56.09583890132312,2.812100031919738
Groundnut,Loamy,923.7968742021039,20.447455741483115,51.21008851353637,2.7736146599014755
Groundnut,Clay,1002.6509304979836,22.748660854420034,73.56936498263961,2.35367579905911
Maize,Loamy,453.9028460616377,23.176060053658055,70.00844963638195,4.439134095164719
Maize,Clay,1046.3430592474217,27.061379155855704,52.68321855061768,4.282914751505287
Tomato,Clay,567.5354083780134,28.406121217619113,51.52186421494446,16.523469023019185
Beans,Peaty,977.0595852303562,25.28961100862963,81.87938640380773,2.8721126498233587
Beans,Clay,703.53185372945,27.196501690854586,53.22695410260466,2.1841270342490606
Cassava,Loamy,711.2768626213438,22.74573999404007,48.03779211616816,9.235103156507211
Rice,Loamy,1063.1484131346797,21.40525513795351,48.582525844960344,5.548208054521206
Tomato,Peaty,983.4719623828573,29.24811001275173,72.95031355737537,18.864693408161195
Rice,Loamy,479.2609099252181,35.56211250618613,45.8614968318128,3.089592577234414
Beans,Silty,510.8682760520511,31.73407868414791,94.06937481300196,2.2523165189346614
Yam,Loamy,318.39937033123454,26.145619485172645,61.20361492206268,7.568302920775783
Cassava,Clay,1002.7450171320264,28.130791402782652,61.206501536378155,12.653654079173375
Rice,Sandy,903.253577449598,30.109251336921275,74.48090659366677,4.23252811773885
Tomato,Clay,703.5594131274627,23.30307107098266,74.06302131171321,18.701403269326605
Rice,Peaty,1003.0865725268387,27.73027353655679,79.39675736413005,6.124496534648648
Cassava,Sandy,1284.9177888219783,27.403133091034764,61.34791274098494,10.484175286424701
Beans,Clay,1221.633140879042,26.822944094982994,80.69498748535807,2.126370422091926
Yam,Silty,889.5753228528466,24.455519696574285,93.60633245578248,12.781920902870437
Beans,Clay,906.7501494927113,19.990151915159597,55.88158489586102,2.0866241742143363
Rice,Sandy,684.4924576719294,31.5833397278004,81.08305281142195,4.2603757381337655
Cassava,Peaty,837.7375230697559,24.185475134487643,53.062722571656266,11.720906550832424
Groundnut,Loamy,630.9725424219663,21.52703208509898,67.63283203704687,2.787348357329444
Groundnut,Silty,726.2320242277773,28.03635206368145,68.75255095129762,2.9073041013184837
Beans,Sandy,1101.5595885811858,28.14593883319139,61.932323539426456,1.753455484498664
Yam,Sandy,690.4613775594001,24.822973666344094,51.51233885084679,9.610314640288573
Cassava,Silty,663.903767594421,27.99204502510623,52.590666325643475,11.934392288051765
Maize,Silty,1056.4928686376747,24.624241391552374,77.13992496447976,4.939547391389646
Beans,Peaty,574.1406317902577,27.886215786033723,75.74262082671416,2.4453727713871927
Rice,Silty,1271.7447376423088,25.923652823490446,61.18367079431517,5.212477562835214
Yam,Sandy,1203.2349596984466,28.265601826452542,68.07750693030239,10.736090132064968
Maize,Silty,944.4483915687514,26.604358701950154,83.10463547987094,5.654231013842992
Tomato,Silty,901.3484766513452,27.683833205785795,69.34175533525979,19.575855379868653
Cassava,Peaty,669.278594279362,23.623415449460303,57.27411183232997,12.170041342737374
Beans,Peaty,951.0625973026489,22.714938064852085,59.46029356494866,2.5288823330000607
Groundnut,Sandy,711.6108046711439,27.56581835232844,91.38617424178798,2.1854513433722693
Maize,Sandy,854.8217787658383,27.322619876343914,63.185979431713406,3.9996837858598124
Maize,Peaty,649.7160764776527,26.47732667024976,63.01678435973076,4.162822504240123
Groundnut,Loamy,915.8638624076934,30.11294709783584,63.80945917728739,3.3057790350622662
Maize,Silty,1048.7448881356054,28.31505604164325,75.38980403815783,5.32889826819341
Groundnut,Sandy,874.4114737489772,27.857287294655638,77.76210714141831,2.1329666339399274
Rice,Clay,947.1721634670942,28.453478915929086,55.11072200883194,5.202929439993776
Rice,Silty,324.02716994309765,26.23142103759434,63.1121860058184,3.87852902190674
Beans,Sandy,583.8924423876924,24.113821000783854,33.65365042016799,1.169963856761874
Beans,Silty,767.4059341530934,30.87687068819316,75.32741026804356,2.664163725512642
Beans,Peaty,1166.8093137077847,26.930847490574518,55.180759532978506,2.2398131148922786
Yam,Peaty,1096.2073404648781,34.967885413400815,65.73932415427372,7.912178857391512
Tomato,Sandy,1043.5082730394556,20.82384381665506,71.60414121685866,17.588157163811594
Tomato,Clay,842.887965295975,28.97729228741385,67.0512604535396,19.112176598126453
Tomato,Loamy,808.5633613012658,29.715133051574682,35.97662860765142,19.672654442528096
Maize,Silty,907.756784652926,28.955698621582155,71.70218217929076,4.844600902389082
Groundnut,Clay,689.7560778331356,24.869350767241357,78.52331771854759,2.738489760121739
Yam,Sandy,709.2701506897295,24.740411891398146,73.79167479758588,9.459195896306722
Rice,Silty,1094.1801707649165,26.69114092397415,77.12076436237913,5.8226903615418895
Groundnut,Clay,645.9159799057173,30.560120716670717,55.801754636253555,2.27363736398951
Cassava,Clay,626.2764035909677,24.868138996618377,81.59446686848881,12.769945103861208
Beans,Loamy,979.3853547106598,26.488600889419093,95.0,3.4711208112475984
Beans,Silty,1269.2072586246472,20.55637341447504,66.13184187657316,2.487004580146431
Cassava,Clay,449.34172839149954,25.614287124562907,82.45421649150845,11.212535115662225
Rice,Clay,721.8368701334538,25.04104905097565,69.33437460864795,5.55954380246657
Beans,Loamy,1018.5631673483734,22.33924333979881,49.06480983207871,2.8430825283359287
Beans,Peaty,841.3525745221629,28.06452656165162,51.34887205564773,2.4002897454680854
Beans,Sandy,1030.949074756254,30.715315696448148,72.28464121724662,1.7847003968966457
Yam,Peaty,670.494941231385,24.38831836255033,52.14911604986577,9.403941110007962
Tomato,Loamy,987.5221637231091,19.65034304996207,55.57187566078996,17.458699130457788
Tomato,Loamy,531.5776825932237,35.24537413559353,64.65269921222283,13.003478608500048
Tomato,Loamy,804.4251787983517,24.45349211362512,90.46009982079129,23.47870416960785
Rice,Loamy,1049.8351898467347,23.488389133734103,80.33036230088328,5.657709905910137
Cassava,Sandy,473.7586245792121,19.85699402273368,68.81949443183737,6.776791343485614
Groundnut,Sandy,1040.5584707662397,34.42028269867776,81.67472310296074,1.5819980792456219
Rice,Loamy,1130.8036267638174,30.927448069422173,60.877571374091616,5.37514338932263
Maize,Sandy,1044.0078432724963,26.534232452960566,63.55897705917507,4.433081736767547
Yam,Peaty,1024.1267490933828,33.01688174508025,60.36265085328299,10.830784474805151
Tomato,Sandy,1750.4667917757934,22.82631325626133,56.7278569733919,10.015959440152482
Cassava,Loamy,1407.0361358855048,24.660688608451633,75.85902222432661,12.581452745922117
Beans,Peaty,650.1409510996768,31.927155818389693,79.75189917578497,2.3773800814674453
Rice,Loamy,958.7880826115365,26.724424727162177,72.6894216110317,6.319576629444703
Maize,Loamy,608.4935473306457,24.030162586265757,52.41690026206889,4.074260625430534
Tomato,Silty,892.9914825268461,27.753703276510624,71.00975760255334,20.718673518511803
Tomato,Loamy,830.3951849676566,25.483005553264718,70.78863484798943,18.6672560203143
Tomato,Peaty,1155.0789276598766,20.919023248282613,78.41089036319786,19.096131961356434
Groundnut,Sandy,975.8713195308407,30.916804796978592,59.398529743477766,2.0200106592758877
Groundnut,Sandy,775.8234037333734,24.202322374862593,69.11176639033764,2.159565494117813
Cassava,Sandy,569.4752184227752,23.210526121996146,69.73519305644649,11.937570244448416
Groundnut,Loamy,799.4068968306743,29.681643883975994,62.12601637295904,3.1247062038079236
Cassava,Clay,1266.1966995040525,18.11277228876518,74.57431040335123,8.3251339137525
Yam,Loamy,1340.0019405906312,24.50054117729982,56.839170151659076,9.50268965609953
Rice,Sandy,785.117496603854,21.4914937431244,54.611621829418816,4.149539729567301
Yam,Silty,1017.2826937629937,26.08502577489437,57.086027645920765,12.996184169125181
Yam,Loamy,784.723831322947,30.83649828224369,56.33167569359138,10.158756499801463
Yam,Clay,900.0702270629267,27.908639717661252,90.10002907274585,13.094274004501479
Beans,Silty,984.8377252922058,27.132579980713597,65.52140029221749,2.913944645427022
Cassava,Loamy,886.3208558055989,29.145654734197752,58.49503043366599,12.982702557743362
Rice,Clay,713.8770646168794,27.350500193610266,47.05207698949559,4.7977688527635705
Maize,Clay,784.9570348589972,30.657726330198933,70.66411482053688,4.432318473359569
Maize,Clay,1377.5927441555432,22.82841541170344,83.34272977152638,3.9166572423986517
Cassava,Clay,677.7039569638208,27.53056445686833,59.34894307226168,12.415659724163664
Beans,Peaty,369.96126829117384,30.92624452844606,64.02671412140766,1.7811222684450658
Rice,Sandy,993.1994898553597,23.871852815969348,37.93789329831148,4.191770157685936
Tomato,Silty,848.0957255838155,22.98233993683497,66.06722649067143,16.92819749262448
Cassava,Loamy,704.8185365089181,29.953786748120447,60.648668594757,12.226459258987864
Rice,Peaty,991.6402492690656,28.186480786661892,60.563591057494705,5.336281000675818
Tomato,Peaty,1151.8725383001251,28.569083970147325,62.85000808143904,19.264587979027386
Maize,Loamy,495.7753809992382,24.93541533956168,51.36436564528964,4.577177979064751
Beans,Peaty,327.2999133048053,21.701834306760084,63.411851919710166,1.6362660901219674
Beans,Clay,1405.6381817891272,28.093889698939027,70.6977958743571,1.919869761263889
Groundnut,Clay,801.087482144677,26.008298892023753,72.33202351790312,2.454008367386646
Groundnut,Loamy,947.4211958282077,31.483304730731486,52.094962920574176,2.850348080720393
Rice,Peaty,965.0773948928581,27.230941556713862,59.42705816922583,5.22184970128835
Groundnut,Sandy,887.3941858776294,25.3704462714399,56.77271609170085,2.2806703941649005
Cassava,Silty,1230.2111628210005,25.13361736061056,67.93731540558389,12.757932585910945
Tomato,Loamy,1271.3679596286174,26.526962375386546,73.95701863559553,18.310460014687855
Beans,Silty,674.6183864199278,31.325994689671877,68.73691216940811,2.5080311586889463
Tomato,Peaty,1200.648737193746,29.678698876477,47.93927183555044,16.24092536250392
Groundnut,Clay,1089.1587603427079,27.59728179612518,48.31385079643286,2.4943130042736983
Tomato,Sandy,886.1793131018625,21.206196236044853,71.34592992061536,17.442635926539587
Maize,Clay,1120.447055269309,25.51980010462124,74.81684111929383,4.188995249126012
Rice,Clay,986.6170583395286,19.446126180382254,64.55407058079341,3.754310700132439
Yam,Clay,619.7885469077115,28.48486848109316,65.23192908400867,11.137958873122352
Cassava,Clay,700.1528707100188,26.13589950460451,48.86916323579922,12.417714476323923
Cassava,Silty,1541.9909695401325,24.823574032884583,61.786465115897805,8.786782756042616
Maize,Loamy,999.2395389646996,26.81318804450021,78.03591100247638,5.372312148558901
Tomato,Sandy,1040.0094419466814,26.957895280353686,61.22076031091426,23.304554041044153
Yam,Peaty,977.4626260117878,24.374233254152536,86.42744898345566,13.103142435110342
Beans,Loamy,1033.2746982921194,27.901935024467942,58.80050285630313,3.2038494372993696
Beans,Silty,956.0816656103476,26.85328101065185,70.17265391119581,2.955441886531467
Rice,Peaty,733.3358618432335,32.92818184266872,52.39496067981744,4.402941021928512
Cassava,Clay,1357.4822900568179,23.83781111971656,56.17684085887602,9.299693009196632
Maize,Clay,543.0068285121531,25.32515026834782,39.171610125748586,3.477193471641962
Cassava,Silty,513.1052465777182,30.799632910409205,49.307997219380724,10.530987017573345
Maize,Peaty,1316.4085582528107,29.62342688624151,52.90342554951167,3.5479745381439542
Groundnut,Clay,831.7816860153566,26.407301225425222,80.26686634126517,2.7158233957302977
Beans,Sandy,1148.2032263495996,29.831911209349602,63.08464798975193,1.6351430953310166
Yam,Loamy,625.3763019070491,28.11425729301157,63.34541373269317,10.766363709042398
Rice,Sandy,591.2959916438086,26.173368942185725,67.26453156093461,3.8170014568744124
Groundnut,Clay,1136.2325684194184,28.015466644810644,86.53078135194303,2.5594377208422596
Maize,Loamy,995.2476119228559,23.799057336221274,68.60857450181274,4.7718854841590925
Beans,Peaty,1175.0370397135157,27.95316690394915,42.76642621922065,2.232497691281765
Yam,Peaty,905.5116473132151,18.0,79.91396460641889,8.847360575063801
Maize,Loamy,1158.6884553673326,24.628609954825855,56.73857458874942,4.90575646278436
Cassava,Sandy,1322.1326662729505,28.258990246164373,70.54862790620383,11.963191563617094
Tomato,Clay,1067.4785676595154,24.430742861497652,68.82173680155897,19.616370644391264
Maize,Silty,930.7069009016797,18.0,67.14670054046216,3.865109978921375
Groundnut,Peaty,666.4454544212725,28.560749219184586,63.76896864549705,2.9202708000641264
Groundnut,Peaty,550.4358759285534,28.089805951925815,70.25207960231728,2.6809746824853207
Groundnut,Silty,666.5153841123071,18.46581905177132,59.27454917578302,2.28020328348176
Yam,Clay,1108.3063767932497,27.520548615720955,80.45679284314622,11.799060774531096
Tomato,Silty,1031.5301167791933,32.25560655420917,44.52035232398866,15.83403282419224
Groundnut,Clay,1301.9330847424485,27.84025029424728,61.48755002694216,2.459524358167408
Rice,Silty,806.4879635465002,28.156075592621413,79.16632714894364,6.609292712441733
Cassava,Sandy,911.4761131330542,26.81073688386732,71.68875868632347,13.71377791156094
Groundnut,Clay,624.9521712219725,31.539700187719056,51.317783274215856,1.9916243132797402
Rice,Clay,1417.6565887710462,25.520609553016854,57.007810232475244,3.8363559545438073
Maize,Clay,300.0,23.490416957479944,95.0,3.312063714661734
Rice,Loamy,889.1013246345594,27.236090981237517,75.15350295086728,6.992136292358364
Yam,Silty,759.6550412166303,29.754795547343715,56.62096763764566,9.83602617933119
Beans,Silty,493.06661742989576,23.86244195356505,50.866522787589545,2.2047822067418954
Maize,Clay,300.0,23.34630878893687,59.33768422734297,2.5808352477691803
Beans,Peaty,740.478934584821,30.08323212119719,64.77220880382966,2.454141577656375
Yam,Peaty,884.7165105890006,24.322163555859042,67.04029177105484,11.286327633371513
Maize,Sandy,1157.8925283221547,28.49394168007499,59.62324719029302,3.727428937247954
Beans,Loamy,674.4263563115488,27.246736801574073,57.54785894231151,2.746648382169292
Yam,Loamy,806.762088079956,28.98439730854303,56.664087759453686,13.466387412585599
Tomato,Peaty,1239.1258344917244,29.783350542258155,87.23437969926287,18.2769862052231
Beans,Silty,873.3936546673351,25.43856037076491,71.69862290657045,2.900130549523664
Groundnut,Clay,1243.4366006941668,28.337201510618748,74.58695513109225,2.3696379123705382
Yam,Sandy,1319.6696199863668,27.353155373014737,57.52124979864638,8.428552810205886
Yam,Loamy,715.6706545280812,22.50898269088719,46.9949551733539,9.459436251207666
Groundnut,Sandy,1187.861414215257,28.025768286434207,68.1838121609358,1.849717410069098
Tomato,Sandy,993.8602869441745,29.506685088994363,63.873298081779616,20.90854499754005
Groundnut,Sandy,1106.1402508145968,25.285517269937973,43.2489396011763,1.8709646299186835
Yam,Silty,1049.590306269968,28.47765331503104,60.81695640854015,10.983173687969074
Tomato,Sandy,1010.8763282115515,25.03685318204661,78.31309027030468,19.49618197126727
Maize,Silty,1325.4705552088328,30.040036782068693,60.70388832930773,4.090637036257123
Cassava,Loamy,300.0,23.827341176843163,64.38984059468862,8.603543218791248
Beans,Clay,1193.6654013664593,25.874624753711252,52.30814244652562,2.276601676867716
Maize,Silty,859.4234897863053,25.978791982964225,91.90205360013184,4.741922469442956
Maize,Peaty,899.040853331418,24.266001277010275,75.79790998553939,5.09424969486306
Beans,Silty,829.6248236106395,26.608151080189234,63.74256015622627,2.80431931210022
Rice,Clay,965.6368217940221,29.63624222689753,50.236878228817076,4.59790251320387
Cassava,Clay,1125.2633240929758,27.87613152616662,71.06321019119325,12.348550466542351
Yam,Silty,741.698763882207,27.588720324889394,75.25261592814046,11.059383486141927
Beans,Silty,946.5846613962273,37.00115576412647,68.61349691422429,2.366459879618065
Groundnut,Silty,995.6826094885748,23.537814799292626,77.71704332981882,2.773534257825719
Maize,Silty,952.0013801367463,18.0,60.91392685961793,3.7974907999444643
Yam,Clay,1085.901510858329,24.024915413006966,49.32821152654871,10.132376026487144
Beans,Peaty,809.4200687237965,31.295519013247674,54.79751149833131,2.3960492877077284
Tomato,Peaty,495.2538524446183,22.383394357160206,65.14293219498357,17.0772123867871
Rice,Silty,451.33494546239547,18.0,73.79664311605256,3.2857726282500677
Tomato,Peaty,671.0133406150252,28.225743742504843,75.15408155633435,18.860951524865204
Maize,Sandy,906.5683360855816,28.899367212961153,64.82799194585706,4.276373468095095
Rice,Clay,554.6172465795914,33.91941378839613,57.744395161490644,3.2249138409623708
Yam,Silty,917.4670885100351,25.64660725129101,64.79079323661189,11.949670949409636
Beans,Loamy,300.0,33.58306707452747,63.23254023758531,2.131673840578095
Cassava,Peaty,777.5399320751949,24.64689446787855,82.63668517410254,13.529023605291385
Yam,Peaty,730.8906823049692,25.415833711211196,62.05339801759177,11.937896931048726
Beans,Clay,557.9274756286475,20.184431920085643,51.94997456286259,1.5081962383090002
Tomato,Clay,709.1215858801861,19.94849931673305,52.784135314787825,15.712570452432992
Rice,Loamy,948.7415947648572,23.490275053023097,46.56698049146331,4.990994482228703
Cassava,Loamy,1125.7259627289338,30.15828595997362,72.5673483498,12.93215967598391
Beans,Silty,816.450942190316,26.295835827768375,89.44553476351776,2.7481189011731444
Cassava,Sandy,1215.0547158710008,21.86937976738262,57.27503089680499,9.44227623475662
Maize,Peaty,485.05113850238354,29.083501211183137,72.99544739015772,3.980673285083461
Rice,Clay,922.4928056046967,23.851959161508194,61.00884007074185,5.8652005527815865
Yam,Loamy,591.2430902433349,27.6311736923237,48.77844888724029,8.961198797643718
Cassava,Clay,784.4795424291223,30.279391484562204,71.94077837620208,13.463386889465914
Cassava,Clay,759.2582675867313,27.952003874091158,57.46016017533904,12.63209705277966
Beans,Sandy,809.3191028876615,27.79120856185709,84.11274147223483,1.9864659642133993
Rice,Clay,1045.436217499913,21.86465302279632,51.77435564883771,4.134782869508054
Maize,Clay,876.5246660122283,29.15125416828638,80.06190100045667,4.875190990659243
Beans,Peaty,358.61727665623266,27.247063513960683,65.30924232433989,2.011401801583227
Cassava,Silty,1222.5551020101989,29.74771321387495,53.4550744391408,11.388848459459892
Maize,Loamy,698.394147757308,28.751625837447914,69.28290619058845,4.618278075077777
Rice,Loamy,926.6006867903037,20.948250986402122,64.38388569986037,5.231468540682077
Maize,Clay,812.2561351870797,29.897783936065224,67.24570384124259,3.9816042179998967
Rice,Peaty,1191.8655662388305,31.18594462433619,68.87491076485668,5.37297407503302
Groundnut,Clay,1077.7434696647274,23.81040978943215,85.77714501238812,2.812407386024367
Yam,Clay,726.2497986206225,27.8987432352985,44.94729098193854,10.644699025158483
Yam,Loamy,996.3581082943145,25.17432881924644,61.82697544730355,11.410328918773676
Rice,Sandy,1391.2386819645121,31.847708694670242,69.25374745994549,3.219868980973266
Cassava,Clay,1193.7923024679646,24.095635662273647,64.07073358841357,10.452089447660653
Beans,Clay,1436.9063070022225,27.2802891861808,39.499878501163806,1.8788932762502493
Groundnut,Loamy,727.5291451672404,29.193017364268513,68.05464950615269,3.1069043253222883
Maize,Sandy,932.7173743574165,25.566870566206713,51.68915439676391,3.7112664282781322
Groundnut,Sandy,853.6930986268953,22.05271990613135,76.86877545650647,1.4182258960186305
Maize,Sandy,738.7484018159819,27.518626072549953,71.73994169363283,4.267208604052112
Rice,Sandy,1052.5114077067053,27.685364357585115,44.46152749780132,5.078390148803225
Rice,Sandy,1009.0692908005259,28.364859804692117,68.30764138794892,4.699393135246964
Cassava,Loamy,494.3044567747952,26.76959923964127,58.233503881370495,10.497632190011808
Maize,Peaty,1180.1444211071175,25.79860483357097,74.36817307910933,4.698050758151881
Beans,Silty,832.9324557573234,25.951799382229346,56.64008104993464,2.8102793291865025
Beans,Loamy,486.4310784499513,21.21965901666225,70.09621343846905,2.2416123485217625
Rice,Clay,1103.042210308389,22.551665069080542,48.06155294508578,5.038809802168455
Yam,Loamy,790.9974292649496,23.731208415738077,58.874709813112645,10.062338913269713
Maize,Sandy,698.0447000623566,30.827371058756935,60.192452962759866,2.9647427292319155
Maize,Peaty,300.0,26.577309981640976,62.9585697064381,3.4745657796601055
Rice,Loamy,1202.0852538245224,29.872097532491797,80.02452276438396,5.686010187978093
Cassava,Clay,517.4765509242047,29.495666478215867,55.74604685480065,8.624607044810828
Yam,Peaty,901.4380960436104,24.11495277123839,69.5128823803496,10.083645673188393
Yam,Clay,1256.8207328773296,30.16330045290502,52.40843796903431,9.233499987220952
Beans,Peaty,1008.9921581555574,27.518780836642176,78.14184897575116,2.712375861182422
Beans,Loamy,895.3593540439782,26.045332833151353,60.32233386295098,3.123810044830036
Beans,Loamy,627.4088129410234,29.806285684651566,53.2833775068049,2.662288279950945
Groundnut,Sandy,993.1069392913961,19.583136209239335,75.6909177791535,1.487846261361442
Groundnut,Loamy,775.6771196257998,26.829047449930965,87.96543248082108,3.4607082508942733
Rice,Clay,910.1517222467857,28.453965906027214,65.8395030729365,5.738990526038912
Groundnut,Loamy,644.1473840150118,24.764983333680423,66.1965245158891,3.0042131172911515
Cassava,Peaty,1239.2302419535952,23.58456581967747,56.19261450063281,10.04230012287525
Maize,Peaty,979.214069771675,28.679308120180522,48.91749937962742,4.540332636130367
Beans,Loamy,834.2830004610495,30.764969686892382,92.74197350771396,3.011829156989597
Tomato,Loamy,671.7834229625701,32.62169706005772,77.50826380435622,16.752254713659422
Maize,Loamy,687.6986571888524,30.115095052101143,60.44117811069736,4.541292498365296
Rice,Sandy,851.1213160983625,26.177619022757536,65.1269024663489,5.093437973965727
Cassava,Loamy,1052.2264203839813,29.811599782684933,62.60175125478651,13.020245677821858
Maize,Clay,944.5226143961486,22.020799729375877,61.063164518892826,3.990105633458924
Cassava,Clay,1285.2512545809532,28.67943662915776,81.47809901466377,12.845024149882109
Cassava,Clay,656.4845674213352,27.041753366187983,65.15664710810528,11.181436796270582
Cassava,Sandy,815.9465243857458,28.447178404195025,70.53620134382848,12.665102960550058
Cassava,Loamy,852.6594783693856,18.0,59.18357561658149,10.995885831665456
Tomato,Peaty,929.2997121080405,32.5484142496485,55.87264456387423,16.999229246147667
Beans,Peaty,1323.0800968325289,26.70833580551185,65.55952211352822,2.5512919052904945
Tomato,Silty,672.3365295508477,24.734527265694396,70.93917565427958,18.013488655080238
Tomato,Peaty,886.1573923538398,21.819255686063165,84.39538104276471,19.470559913406824
Beans,Sandy,718.355572187762,20.387108442441278,51.806457358633956,1.3853686460855408
Yam,Peaty,1088.863093431729,26.6778511148264,59.816487492153,10.673974571652362
Beans,Clay,850.9253375152625,34.404704405218766,81.72223411532073,1.7797722506465201
Groundnut,Silty,726.0482677148062,26.72053772562991,64.27622896263496,3.4291319257498842
Tomato,Loamy,959.5321832727413,29.15777709863731,64.98113594636965,21.121555873766145
Beans,Clay,927.6864105966972,28.789896486610303,68.93120701125355,2.5967778726304642
Groundnut,Clay,1143.6113008977288,27.24953114724103,50.938899777400664,2.3959651726380935
Cassava,Loamy,965.6099161487763,25.325835334752117,53.77120160978778,12.734279712780452
Rice,Clay,838.9128170186121,21.85617095275393,52.99369179011129,4.292023701867687
Cassava,Clay,998.7355690096612,29.590780722619904,58.406875762695215,12.670297233212509
Rice,Clay,714.3612747189834,24.260431309409466,79.35798173823548,5.438275112695012
Groundnut,Clay,1140.6676015624641,20.07952446121423,81.24602656151728,2.266147991245369
Groundnut,Clay,1000.6620625702543,27.171236886380548,61.696289451655346,2.7758363179069336
Groundnut,Peaty,1125.6477860169293,21.4474017440673,58.501089658468665,2.746161697024334
Cassava,Peaty,837.9422320034957,23.910966733274734,69.03014807462989,12.691113447439827
Yam,Peaty,1120.7052993691184,24.554328034148146,74.46333343118265,12.127451173723301
Maize,Clay,936.5406586786905,38.0,77.65440435850499,3.2727716491318133
Yam,Silty,874.7646272727234,31.99214441915012,85.51441538751523,12.380960182390801
Rice,Clay,573.5283463631513,28.705066362389847,50.10317146336403,3.7166892758727927
Maize,Silty,1036.0318562901352,30.161819844682817,70.96563488463313,4.980778028142204
Rice,Sandy,872.7060619819867,21.72509125027929,40.95957044719765,3.904122692686115
Beans,Sandy,1126.849610557194,30.879216522580137,57.56819210452163,1.6652002104621988
Yam,Silty,420.0714925970258,27.431582915548603,59.34951344341087,8.19962699246085
Cassava,Silty,503.2771844895053,28.340048973800148,53.06231315426298,11.47662986102043
Tomato,Clay,998.6295307869595,23.69288633839209,55.812945040540114,20.080930114427243
Cassava,Sandy,1024.8800324782887,23.859027477299986,69.06726226954481,15.038685930333095
Tomato,Clay,1280.0786234423358,24.408847219564507,64.49496738036336,18.073931818755447
Maize,Silty,700.7389431710982,24.1666889000429,76.8594128372319,5.001769253034734
Maize,Clay,1369.0219256457456,27.47116802712909,61.26560906922088,4.133329619930122
Rice,Loamy,644.5616327464262,23.382275170683812,70.9031624162757,5.165199844291723
Maize,Loamy,1178.8586748246507,29.656630007447625,80.95847898102119,4.495234937094306
Yam,Clay,1080.6190158232737,21.656949501593104,57.141252304280336,8.741117303239156
Maize,Loamy,1323.2420318604566,34.07906291632715,55.228549363120614,3.763723850309834
Beans,Sandy,1000.7827005938344,28.39642872158732,68.64491002941594,2.1759871201968526
Beans,Silty,624.3599866244506,29.785023783081922,75.70848049413743,2.598160984708303
Cassava,Peaty,948.8992489177497,27.701637023766878,66.45488653612452,12.389601907134391
Cassava,Silty,726.2548506418116,22.84743207632605,82.20821941687427,13.370368044744488
Maize,Loamy,753.1511287133692,28.036593546200592,76.89723311981015,5.018758985200693
Maize,Loamy,1125.6972897013047,20.223996048205546,64.30916285113516,4.059212003443576
Groundnut,Peaty,769.5765753433052,27.481686118225536,88.08352664507262,2.992446671050713
Tomato,Silty,1418.6340687863694,25.074945475696055,86.77610418714764,17.056660645531238
Tomato,Peaty,1095.052292486043,28.074879269038476,64.21243181736097,19.40306024311509
Beans,Sandy,1133.3139793452062,26.954109991511654,61.200526339257706,1.7503322248691668
Tomato,Silty,1218.5419783259624,24.664973201810703,56.97694571063012,18.554675718874552
Groundnut,Clay,1197.9574801612657,22.61851725737031,61.83108836009765,2.1106938354264404
Yam,Loamy,1317.1465989691922,22.02089772925944,45.57361648063772,7.827371149476724
Maize,Clay,1061.3962533665967,28.531069522015365,79.1082248387722,4.251777591198828
Yam,Peaty,818.8552167879642,29.560230084317038,49.118894878841544,10.55315977114761
Yam,Clay,1200.4952697495887,21.45160882087282,65.36903058241884,8.146247206385468
Beans,Sandy,1102.0762994785928,31.505095848778307,58.57964654829951,1.6887773757449547
Maize,Peaty,472.7557878375786,29.14320722034458,76.50213504536127,3.743871151622304
Tomato,Loamy,1145.1684965885124,22.801719103547853,62.85978278586917,18.164115463050678
Tomato,Clay,737.0757945267416,24.603957089102508,66.18698574515733,20.418594011931678
Rice,Clay,508.0548880575186,28.103697062253023,51.9615796851885,4.4470198137988355
Beans,Silty,724.5914632725958,24.937551993276013,64.08561273536235,2.7023994385082615
Groundnut,Loamy,898.5004379924763,22.345381421457965,73.73343380372228,3.149543004392804
Maize,Peaty,715.9879173352165,21.39203845427152,64.5916879678031,4.2520948513897485
Yam,Clay,848.0858522150573,23.953785438198985,86.09319760016987,11.00333292294334
Rice,Sandy,1048.208890981846,20.503927585396237,80.29508798457607,4.191996722323151
Beans,Silty,1045.11042310691,26.436067688902703,52.24221547813492,2.712146102866781
Beans,Peaty,1026.4003806198598,29.823729406918357,82.7217035743785,2.7936169151830645
Cassava,Loamy,822.742368320163,25.32603001697132,70.68406268980162,14.08002866243404
Maize,Loamy,624.0900307727906,23.914303111332945,72.62491161221948,4.88404116660647
Yam,Silty,1074.3597207316693,25.135425144376537,65.19806211440373,12.765538678860677
Rice,Sandy,1106.92671688577,33.680766254599384,56.55344790740243,3.1109919249572218
Rice,Clay,833.8297261142801,18.759072849978374,62.510861159638274,3.68284108662092
Cassava,Silty,991.6290385426104,24.89756180280732,72.07953014435485,15.06535476308327
Groundnut,Loamy,771.8136936005712,19.21122884515706,51.91208030756858,2.4505764929491822
Yam,Clay,654.2005033664481,25.20291804532812,50.29603182100881,9.782557349700177
Maize,Silty,1004.6149905891538,27.04326396166841,46.50712404198327,4.526482072932253
Tomato,Sandy,795.1432186406374,27.262434262964426,82.10649646845224,22.14655679941536
Rice,Clay,1076.3847475771247,29.241058286830075,55.327190324581224,5.32964133840099
Rice,Loamy,533.4120925962443,28.593209536229995,67.60354188337429,4.958297890499986
Maize,Loamy,713.0377754889998,29.135456763289884,64.4785923858929,4.925544378310769
Cassava,Silty,599.8077402491556,23.870009423412817,38.48066648460549,10.92744044434499
Beans,Sandy,934.4681245728696,28.298458787288435,72.22823406671024,1.7787699822135392
Cassava,Silty,1334.2729094048148,33.00010137994511,76.8478771283234,10.481735952936416
Groundnut,Sandy,1086.8416226016739,26.446925699386057,71.72633930327413,2.039344031058577
Tomato,Silty,942.6783136198704,27.861973320228504,70.92467257352298,20.857559217144637
Yam,Peaty,1322.4441103739466,35.712389591581754,70.36904853442854,6.118559903231279
Beans,Loamy,1032.370567953252,31.6939046408845,50.44531238549773,2.744696491643437
Beans,Sandy,1124.7903973343273,25.797396169598674,46.23422370413691,1.749229709656501
Beans,Silty,878.5262199462583,28.418340319572508,59.30610524687515,2.652755965894865
Beans,Loamy,1000.7489204317599,28.71629009790659,83.02538177593536,3.1155376754057817
Tomato,Loamy,941.0626706970208,25.024903667835652,74.3976384232694,21.54557997204199
Tomato,Peaty,917.1006355487921,27.596185697823756,76.21618475475597,22.562849960239163
Cassava,Clay,983.2758378418785,26.341221175478243,56.405370618664826,13.841207730641042
Groundnut,Loamy,1339.353881314664,31.697638031706266,72.5940695882193,2.8094055090663637
Rice,Clay,572.1078298497448,26.243397218373122,66.21680040086308,4.662229077582824
Cassava,Silty,1139.5458514481982,24.577460749074966,56.803092713491864,14.199527778494453
Maize,Peaty,798.3995550453365,26.62476090866717,63.767432639901216,4.739563795005942
Rice,Loamy,1559.098113985956,27.664147964069283,72.95117780510301,3.8184482395939403
Maize,Loamy,1219.4919007063172,28.408103869748157,30.0,4.530183300010304
Tomato,Clay,381.06402760885373,32.31785686475929,31.736532432488865,11.821432978849788
Rice,Peaty,300.0,28.561482395339254,78.81007698982471,3.9957128739362604
Beans,Silty,792.9642107918439,20.485135856726423,73.30236826804477,2.659598901771089
Tomato,Peaty,383.15228430365005,21.697869574761732,54.848387098431914,9.480860454261233
Groundnut,Peaty,1002.2881093469359,21.994113508651715,74.32554151130634,2.7729088487728166
Maize,Silty,855.1442836441641,20.175695885214388,61.01285412455511,3.9448960346743283
Beans,Sandy,998.5079971252452,27.854846101307004,61.82787563281195,1.9238298911342084
Groundnut,Silty,875.1705009394925,28.111582117910867,62.76594724803058,2.9348959201834943
Tomato,Silty,755.6412545157466,28.351514153472667,65.33906445812055,19.530027860653043
Groundnut,Loamy,767.8885419719214,21.239695897688453,69.5947411419403,2.9453371503436294
Rice,Clay,761.8212054002333,33.63384268916833,60.443168625804404,3.7613722469445263
Cassava,Peaty,449.18017516028783,32.364197623375944,81.45280868922394,10.000841691895824
Yam,Silty,1370.929597205371,25.768982934674206,61.77169002528017,10.646541620939058
Tomato,Clay,1472.2868160761943,27.870527911116568,60.2356304050553,13.71081204357749
Tomato,Peaty,827.5650990703869,31.00607668589583,72.18601007187283,19.24066301733221
Tomato,Clay,958.9869846833117,30.544847968183806,70.16863107763982,19.940838262711463
Beans,Peaty,1125.4672716691234,18.0,69.59414850638174,2.373160321501622
Groundnut,Peaty,837.2439417776449,26.972311534563456,59.44900623132108,3.031669218763703
Groundnut,Sandy,939.598096862303,29.79045396409248,65.20100850886091,2.567112466926601
Yam,Loamy,950.7733456073231,21.013361826493536,58.47859607235891,10.922994303542302
Cassava,Peaty,339.03513468149174,27.113104149156513,81.44893408969973,10.034458645954825
Yam,Clay,416.7931361873452,28.582889429457676,72.93530130659654,7.048646695371202
Yam,Silty,1099.0808367319482,30.96310579891571,72.0023011020001,11.493203025945977
Rice,Clay,1125.8028035903108,20.634347808066284,46.987286796541824,3.6900061034500222
Cassava,Clay,1000.9156000601266,28.136385786300977,78.40526973747238,15.74245951502008
Groundnut,Sandy,962.0297886131225,24.032589582973564,62.7410355397572,2.0495637858678157
Cassava,Loamy,1526.923450306318,28.982430370891162,57.851560695039126,11.53511837937862
Yam,Loamy,934.455040315295,25.295094663608303,84.82390204932007,13.020302578776509
Yam,Silty,1212.983359786616,29.047988101113766,64.34782321839114,11.62013984563758
Yam,Loamy,982.5267166878496,27.408660307553983,67.04752500342897,13.56380040520163
Beans,Silty,827.6374344749681,21.618949678056754,50.79358564832032,2.300169229504544
Beans,Loamy,1359.961664700231,28.875974817238287,54.055057877722476,2.5042216505330837
Yam,Peaty,1192.91869064359,27.09852468578471,59.689682413534015,11.730011075108955
Beans,Clay,1001.927903494956,34.95430646812666,67.4642681870175,1.8023202100365212
Yam,Clay,777.7977330560096,22.12059454686305,73.41243232246528,10.983662389791613
Groundnut,Loamy,801.9187247349689,23.634521131073598,63.2007727943892,3.0475251649240387
Yam,Silty,1391.9638959038975,28.632724858623277,71.86874129635223,10.29712283433116
Yam,Sandy,792.5914122728541,27.953934180400136,61.77163418887208,10.925708522488886
Maize,Loamy,800.5083321753075,22.3474544697737,66.75484468358609,4.6285840595061645
Tomato,Sandy,1031.9920599110665,30.378697392849713,95.0,20.345700655665777
Maize,Clay,611.5505320857973,27.730246672704524,67.42781816670026,3.8253446784232072
Groundnut,Sandy,385.5469266087672,30.242318617416363,55.751848883934,1.2059480369735702
Cassava,Clay,748.5880641399909,26.021430962688655,64.86450983647003,13.656953704449617
Rice,Peaty,1090.5048451200325,30.367575901011858,82.35324931931765,5.712115795710932
Cassava,Clay,1162.3690956263144,30.755532500865797,72.78279005559243,11.026365787196802
Beans,Peaty,828.5379329520741,29.728673572575648,64.74384297115328,2.7438645242069235
Tomato,Peaty,1211.7843218560736,31.219391975681003,52.55607314409538,17.038783238850776
Yam,Loamy,471.2427538466084,25.993851037804575,80.89684358752702,10.327789110970825
Maize,Peaty,946.079837769709,35.56730963757518,67.13025470620461,3.5984173307407383
Yam,Loamy,1188.7463124761196,25.242562048708322,57.23542832709528,12.01607494000682
Beans,Peaty,1194.3333554747765,25.732331030807565,64.38828961633698,2.507323785234531
Maize,Peaty,1303.9268138085,28.288512943194423,88.6986930242883,4.76912246493843
Rice,Loamy,1115.4649655935334,32.9707909754807,88.97946780009602,5.80370953978107
Cassava,Peaty,843.6597539454607,29.01624326246487,85.08769394325256,15.151115521193253
Cassava,Sandy,913.363442122444,25.852381280790755,63.054385920272985,13.366663320906968
Beans,Loamy,837.6744175819915,27.184142265689832,54.615468075121896,3.155592821181103
Maize,Peaty,1322.3694399487565,27.711775836434988,71.89225139935083,4.175820628292511
Beans,Sandy,981.6309396497958,27.203925355380207,66.65304430732556,2.005348870796165
Rice,Loamy,836.9508340597114,32.97576704785044,95.0,5.135267841093022
Groundnut,Clay,651.140264769881,26.63849054736506,75.74936613244708,2.652278474798013
Cassava,Loamy,1037.5232422090537,24.577698451800707,62.070526738968574,13.879692066723315
Beans,Clay,598.0593467721251,23.074518785528195,74.16929868420529,2.099289450988742
Maize,Sandy,421.68970265135926,21.80751659881939,72.95858528307795,1.574712239972925
Maize,Clay,425.93754268407463,29.951707121737424,54.33698450291645,3.4451668771427806
Maize,Silty,308.97381616850737,29.433820017512268,43.30204743687513,3.2195308093051307
Maize,Silty,933.7434038400793,23.80909803285117,74.366493313958,4.473708967846128
Rice,Peaty,793.5949202813525,22.090582629089187,84.13924188008838,5.116517989666542
Maize,Clay,1217.552593621469,24.206490033247476,63.980122388759014,4.090232469132278
Rice,Peaty,1013.7546054754499,27.617024173837606,62.60144495482031,5.59221512107407
Yam,Peaty,900.9633912073433,25.61750955045639,58.225914012635755,11.06576654976507
Rice,Clay,704.9024198351154,32.24447096477613,62.52080887319004,4.541497164793822
Maize,Loamy,1047.7609403311285,26.4352655347081,59.222719725313894,5.237292252992584
Rice,Clay,347.79252082902747,30.22786779410178,67.91621073617831,3.4011927025637023
Rice,Sandy,517.8370458121449,27.7836244747382,84.3612915227043,4.119512316657944
Rice,Silty,958.5303490299847,26.813299632136452,75.36852351289076,6.283141482970524
Groundnut,Silty,1041.7629731513987,23.487822066735706,47.93925510261561,2.7077608540477223
Groundnut,Sandy,473.40900132542566,29.46601745970143,74.1600661703792,1.53372079744308
Cassava,Peaty,645.361718910784,30.590762460530797,46.86532776204914,11.817353890099268
Rice,Peaty,875.0830300928571,21.021693031053363,63.23940043845696,4.868662884678856
Beans,Peaty,1029.6453254854798,27.31154288787658,57.274932634012316,2.76786655560896
Rice,Peaty,990.1369946733644,32.66802305325652,82.27931766920794,5.208973822070359
Maize,Loamy,734.691335297616,25.939759721330255,71.52568697501488,4.890633925403424
Maize,Silty,1454.6217346808644,26.78340867705412,48.867262360600336,3.2281392603952943
Maize,Peaty,884.4659934702846,30.068908136224184,58.596389010087805,4.757436114154174
Maize,Sandy,709.5489456157732,25.596505324191654,50.63534773492116,4.073012425553989
Maize,Sandy,1067.573663057371,25.120958034952203,52.37686613624212,3.63012669324979
Maize,Clay,764.6097342364462,23.953138095447045,66.86557093242972,4.413965013086017
Tomato,Clay,991.9751243768486,29.25397437485932,73.63130284304385,19.226451986073197
Yam,Sandy,618.186964702531,22.33748985507924,74.54551849844484,8.830165024470022
Yam,Sandy,300.0,34.194169005165165,54.268735950157335,6.494757689062111
Yam,Sandy,688.7756987753004,19.290027161216294,69.34549971131237,6.543595020975923
Yam,Clay,543.1463035346567,29.72074271958252,73.53756381881057,10.777357006514631
Yam,Sandy,956.8930364721681,22.48732680909317,60.97953172717618,9.223615520922891
Maize,Loamy,1164.4256696687296,30.46873341791025,54.88625273338867,4.905075143881336
Rice,Clay,815.6048070667761,24.520209796133784,58.28077046766138,5.658043524874544
Cassava,Peaty,945.3990803503133,26.082135995120687,94.35174333725634,17.05846412041787
Beans,Clay,828.8600857767977,26.250144098201815,66.7504637393912,2.37831327422866
Groundnut,Sandy,1277.5429143302217,22.402301618485428,51.462239154895194,1.3751431076173923
Rice,Loamy,1419.601127433942,30.505982270051938,76.33186822541917,4.617365646527434
Maize,Loamy,522.5565924209964,29.73609079816736,70.89265525770543,4.697485596721664
Cassava,Silty,863.1374219878968,27.595159349962223,75.70277090608515,13.419193792644666
Rice,Sandy,894.671153835064,23.294769562162063,39.984730968151204,3.920627238892897
Yam,Silty,1335.4180133527627,28.243816737345337,88.54406796610698,10.75180881648308
Maize,Silty,782.6799688843289,25.19890406250548,56.86989059743237,4.022728905107456
Groundnut,Clay,733.1755658241158,24.19496427085681,50.8403398206479,2.3228673076096054
Yam,Peaty,1444.3825012139066,21.186965934692708,60.74662404828461,6.415951647246403
Maize,Peaty,974.5143222964209,24.772007354170576,65.87087696709223,4.622076992863953
Cassava,Silty,1042.20947390417,29.344381973207533,32.99699026360523,12.042995810311853
Groundnut,Peaty,1244.7935582095379,20.53518644927894,61.23889000779687,1.987177744538137
Groundnut,Sandy,963.5123533917363,24.312715540939973,65.40989532248946,1.605001358359103
Groundnut,Silty,909.4753687148404,29.959863789586628,41.70423055283191,2.6882229599684475
Beans,Silty,522.6221356629492,27.802139921744605,65.79169403727204,2.6583025225393633
Cassava,Clay,855.3838444224817,29.99235913607641,49.08381598340787,12.094935048623338
Beans,Peaty,863.882928696674,29.969422571369932,71.64993782098608,2.5170217731968103
Maize,Sandy,1287.5148196661362,24.090220054209432,66.74200136476415,3.2122825351202984
Yam,Loamy,476.0290182151558,31.937669990092715,55.7077771893418,8.865168452113696
Cassava,Sandy,737.3687905071024,31.245931376629134,76.92661524173509,11.924737194800707
Beans,Clay,824.976277133336,26.970713302983885,57.060507290434174,2.5459424712194596
Yam,Silty,1286.1406496838417,25.894580410880614,65.24610276819601,10.990838848030847
Rice,Peaty,822.5438382858193,26.89491793267035,75.72582024269101,5.554492878958658
Cassava,Loamy,902.6745491077436,30.0260481843468,63.80185551354276,15.55152090903913
Maize,Silty,838.2022540146272,26.40138757433794,49.200302856103875,4.378031667467223
Tomato,Loamy,1195.3157607010337,26.884058792232963,59.184269724611525,21.20141366861432
Maize,Silty,1226.3994398360178,24.014185009676947,59.05701655767613,4.831959470318964
Cassava,Loamy,830.4169631270196,29.51421786465793,77.08758880829734,13.951065422477283
Tomato,Loamy,1140.9056179964352,22.938994989140514,65.14814548911367,16.935920702583786
Maize,Clay,753.5939798551209,28.669918382578146,61.135728456342385,4.121694580133969
Tomato,Loamy,601.7896906507283,28.500811262418686,78.57664114349973,18.91256798036028
Tomato,Sandy,997.0944918360481,19.900357034089595,71.44180947917441,20.121659264383773
Beans,Clay,869.0274912337541,29.60262450034889,84.74399201837554,2.716768409996485
Groundnut,Sandy,1046.4836977923142,36.001755508345866,72.46929256111358,1.208918559627222
Maize,Loamy,567.0213146513227,31.31481291244101,53.52940894366489,4.027466888778175
Maize,Clay,757.9235050375223,32.20152726051173,66.24148597872437,3.677581129884291
Tomato,Silty,413.3576135361466,22.620517782670596,66.34351089733254,14.878090563728565
Tomato,Clay,1308.3413361869439,24.488748522201206,62.14385932544145,15.097599179736502
Cassava,Peaty,1445.3527596515878,20.83364063672331,60.84605517638362,9.624142996474957
Groundnut,Peaty,1047.3378158124824,31.275152700726498,65.93874577228205,2.7563176931803155
Yam,Clay,1406.5909040662982,26.78311475437931,58.6114658084092,8.076127241530363
Groundnut,Silty,543.3383549743482,26.115990867030792,66.2322772514536,2.5325164488559793
Yam,Loamy,1566.7734627561172,26.5744049337871,59.77513247087133,8.995288735917235
Beans,Loamy,1274.2273005149577,27.576406669369014,62.0189215043476,2.5756382124836565
Rice,Clay,422.7183404889533,28.32768708199484,48.65300624159049,4.154276438611495
Yam,Peaty,836.5114010335661,24.046507236784816,72.46710497924248,10.809218327548814
Beans,Sandy,1208.9709793573907,28.24117406271258,62.18084686102073,1.7774566259624118
Rice,Silty,999.5834191174378,24.141032341685907,89.84478330692747,5.828497572155178
Groundnut,Clay,850.8940991808361,29.82483990479237,73.81068198831363,2.865993388037507
Tomato,Clay,1179.6652043325041,33.46253947819004,61.89568424909771,15.174732915511466
Rice,Loamy,809.926574431874,32.98997979626372,52.94918568643755,4.5055314318538064
Yam,Sandy,1062.3825907309742,34.42129587164884,59.59473634608976,7.991787005361713
Tomato,Silty,937.2583038484009,20.790661559504937,73.21945467986009,18.116740683165954
Beans,Clay,798.5052756040872,23.868361044211653,73.73255494439313,2.20821125799295
Tomato,Clay,1439.357362650459,32.19932521025504,46.93846468795216,11.42858103624218
Groundnut,Loamy,881.726700276269,22.102079986011525,69.6237914176819,3.088430944866334
Beans,Clay,834.1605373194639,31.08801184864307,49.79493916244029,1.9904014384471638
Beans,Sandy,1181.7700029579173,23.649125458739626,65.28892887780694,1.406999060258083
Groundnut,Peaty,1117.5999242622727,25.477645253023493,62.011583528674365,2.602526000453137
Cassava,Sandy,1357.108838215728,27.255237121009966,52.972306800192825,9.87625263756062
Cassava,Peaty,636.3184800435448,31.761189086662586,63.29021090736074,12.630192267421048
Groundnut,Clay,890.6455389902111,29.243129554897433,32.92894901336719,2.4014634782196795
Beans,Clay,1286.3701123139383,30.37637787957266,51.395699773438395,2.1635366583444604
Tomato,Clay,664.8421611630283,27.68986137804921,62.56676773203418,20.653377690830784
Tomato,Clay,953.4713194303615,30.15226478999404,78.11445941711254,21.76547420262463
Maize,Clay,1058.257427357585,27.586780126543456,79.87006474505635,4.839802287359595
Cassava,Sandy,1347.609998497198,32.67673444784331,64.90189031692013,8.400924572236528
Rice,Peaty,1108.1087730579557,28.10453438969077,61.13752747772067,5.516148417570588
Rice,Loamy,727.2720733110211,27.451648150055323,68.18508854767529,5.7080554489777455
Yam,Sandy,1235.0964220008573,30.394641927793945,61.68501937743206,9.657005953411392
Beans,Peaty,578.7060455728525,29.35455282474211,66.75357969148338,2.6847425058661787
Tomato,Silty,1084.8990408029763,27.87209675450863,66.96466706069621,19.362808705186772
Beans,Clay,673.134631638793,26.832990436403495,39.73352866149219,2.0185218421585804
Cassava,Loamy,843.989096093781,24.683967406341495,60.901834227423194,15.467344568162803
Beans,Silty,754.321798006481,26.760782740733127,64.6602399721728,2.6352600720380934
Groundnut,Peaty,1162.7362452849454,25.530754678691142,51.86364335562954,2.6428535606877657
Cassava,Loamy,387.0969017096028,26.857387747639823,75.41575921217913,11.13773046094568
Tomato,Sandy,1225.2884654011666,32.071269086627986,95.0,18.428481149113765
Beans,Sandy,1153.1724762921463,25.04267248311752,66.29223583393963,1.6549384509445373
Tomato,Peaty,730.5036371148467,24.595750250483988,69.96167951726605,19.166652645672112
Yam,Sandy,521.5552004588567,22.984567279884878,54.404337126632306,7.785688410294052
Groundnut,Peaty,1176.9726366417917,29.634806380296197,77.8628354741919,2.886666724311118
Rice,Peaty,1185.8314529947904,30.217944771090348,69.5131444106479,5.516404062035459
Yam,Loamy,824.479574723483,25.92973337021894,78.83219452977885,13.96163462869959
Yam,Peaty,1266.9034652788118,22.899941848908057,51.305417053270126,8.769108944042062
Yam,Sandy,494.8115072736121,29.274572907223984,73.15282909671923,9.25849406929206
Tomato,Clay,889.7084941071633,26.89350492284075,85.25594529762157,18.419321548231267
Cassava,Peaty,901.4406191258674,23.20050417779574,61.90015571274659,12.727325532493888
Cassava,Sandy,916.7619207866949,29.198522472152348,62.16480265962797,12.438705984869033
Rice,Clay,898.0665498721468,20.908881521329523,70.53864701553535,4.3952381250816055
Groundnut,Peaty,1053.6739036670433,31.095232414768795,52.8679544754211,2.506537066665045
Tomato,Sandy,716.6502856783752,31.38236898578007,82.84988693506995,16.09393102661258
Cassava,Loamy,880.1891252737732,29.049619746334233,43.88227683756209,11.604183345089154
Maize,Sandy,393.24997208133965,25.436209078513954,66.94510170270608,2.819523914143438
Maize,Silty,804.903253047642,29.95599800900768,68.42247111638909,4.531863115936005
Cassava,Peaty,999.6239458906101,33.01383034507983,74.43588401949896,13.162822994025671
Beans,Peaty,763.7124443736993,26.176170025154534,63.27712824034203,2.439274258514639
Cassava,Sandy,1129.671425817286,25.930127485444725,72.70052778816624,13.35357841861788
Tomato,Sandy,550.4801478833363,26.490186243808978,64.30353766513045,17.12909775905129
Maize,Sandy,300.0,23.21405098810978,64.26742417146912,2.217641803598614
Beans,Silty,1051.5140745711058,27.285355977310214,64.61130467862274,3.0058919390603127
Beans,Silty,863.5262151874443,23.187596579515944,82.02687258434365,2.846795509813229
Beans,Sandy,870.24169731724,28.78377767122198,61.991373047332694,1.7519441365890047
Maize,Sandy,988.1300938026899,25.746810022762602,59.554907182847046,3.546721380515526
Groundnut,Clay,852.8819059141039,25.874230779753123,67.38524812986462,2.8482306161396522
Beans,Sandy,1043.7094102339383,26.157654024774974,58.196019968705095,1.6704934135451417
Maize,Loamy,905.1090247355081,24.24799857421631,66.15268566940931,4.8467889316984225
Maize,Loamy,1113.0455914248466,25.339548916219545,54.95559616131331,4.606889623432894
Yam,Loamy,1257.4760049816714,25.589241486478496,62.41323950404902,11.617780816190226
Groundnut,Silty,1411.3858471572935,35.554351058142295,32.523949646959004,1.779915377575719
Groundnut,Peaty,831.1593395647692,25.535652256344267,74.74110918175231,2.940399610656874
Cassava,Peaty,855.2318580632677,28.801744829368435,50.79534406681662,11.479736639671746
Maize,Clay,732.9690632758065,26.51926454578167,60.22645513009313,4.492391342389872
Cassava,Peaty,1050.782798849614,21.68572198361003,48.39051887589764,10.780147830215343
Cassava,Loamy,452.29266991788387,29.86769322061054,51.96415330542226,11.387929585130355
Rice,Loamy,835.4540815156339,28.536404241463647,50.21663333498958,5.903658156250656
Yam,Sandy,617.3188163870282,25.987327541114556,59.41102389913564,8.99147952326693
Beans,Sandy,695.8200259147095,33.07258049920857,49.099284406095755,1.4847940366073271
Maize,Clay,899.7365595404799,25.28431360282693,60.875255941545745,4.772352528311454
Tomato,Loamy,1209.536423288467,25.583002836803534,67.21106266885464,18.458835451628282
Groundnut,Peaty,601.9617645105461,25.468493425555547,67.9952675721793,2.2471448065127237
Yam,Silty,1294.1665323828765,30.92668874175944,57.97779108168001,8.093318126282316
Rice,Loamy,300.0,30.88553940558937,62.436950505401114,4.523852065276806
Yam,Peaty,1138.7180185540367,26.648219071150304,61.02739362233503,10.13474340677886
Maize,Sandy,1075.795720041983,33.24794730688061,77.09660315432711,3.108066950832602
Beans,Clay,544.1922272841796,32.156285209738144,55.66190858866561,1.9917143505357178
Maize,Silty,867.34056380374,28.837752143017234,68.95883457912753,4.880895932507262
Beans,Sandy,895.9776016624314,25.707753479859164,73.3520574397784,1.9406829348842156
Yam,Clay,1055.9549616197694,26.77605020530002,70.86692014109366,11.506139167691654
Maize,Peaty,1351.1192302537115,32.41313993767251,75.60541953514354,3.46768028313512
Beans,Silty,1259.4051359330808,25.761594868514052,57.40932756383243,2.8047038786925533
Tomato,Clay,1359.7905854135997,22.105628312584994,71.21821859341402,17.767838208866344
Tomato,Clay,831.358832010373,22.91286828840553,77.98811665322296,18.270586630066163
Groundnut,Peaty,579.029407253921,32.44913110034101,78.8586237287082,2.2891708739725973
Cassava,Silty,1299.3358328030845,25.719238955334983,51.737541910189776,9.846404993478345
Rice,Peaty,521.7940881422157,24.820127072170113,73.93290480437258,4.446410328044232
Beans,Loamy,711.9329885216197,27.22809173227481,88.05080986503225,3.1313585506386334
Groundnut,Silty,492.962920858206,32.32037142845905,59.273520452661614,2.371529490397713
Groundnut,Loamy,1059.0106349054097,29.348543495238502,59.570715925847395,3.4091432431115067
Beans,Peaty,1102.2628972071611,25.634281470417143,69.19469538358472,2.588850442963219
Tomato,Silty,620.5796375601406,27.86644944641078,65.53025401951503,17.53343262904113
Tomato,Loamy,934.8411638036566,24.842750313572108,63.45489709124397,19.390081257094163
Rice,Peaty,1175.370851654128,27.95582936971043,79.06535512972034,4.853641911055413
Cassava,Silty,796.1843239450244,22.175025497392618,62.16073370662005,12.2128706804166
Groundnut,Sandy,604.0513640884444,28.39870740156025,65.17267631782678,1.8135028706115728
Yam,Loamy,1259.615136364151,26.63771973049596,86.29018668204523,11.182766801647206
Groundnut,Peaty,884.4861950542626,25.852901541666327,72.58778408561056,2.938927156495198
Yam,Peaty,300.0,31.453477560994173,79.76310149455635,8.677158695904522
Maize,Clay,563.9149514805483,25.531456550721494,65.13709418433575,3.534025211142343
Rice,Clay,1482.2707487073717,28.67398245255562,64.86963503962166,3.422474453901335
Groundnut,Silty,919.839770820752,25.987924605562856,70.77408906409445,3.041200324988312
Cassava,Loamy,1069.2904328848385,21.95136602204019,78.04504627102921,12.956959814079491
Cassava,Clay,847.704593761179,26.523301019256074,50.45219086049651,13.806887304432093
Yam,Clay,773.5301829682005,27.003665151288878,66.45469020427228,9.9807037818989
Tomato,Loamy,1106.7598568473654,25.67581687916634,62.303218949440144,20.652100718334985
Maize,Clay,632.0659693792229,26.872788567165834,76.92887804007076,3.974951769045794
Yam,Peaty,540.7758557768799,30.294836826716207,63.89170151794546,8.30399910451139
Beans,Clay,801.7757736814051,22.787399247865913,52.59805362247512,1.9117887657241805
Yam,Peaty,1252.9077718399496,24.434085840510914,70.59470147181774,9.689597675960622
Cassava,Silty,633.2186797578579,27.137297747166148,65.63421571842738,14.86939607572456
Rice,Clay,745.8449562743889,29.3976713727768,90.6580936458225,4.894849523243035
Yam,Peaty,838.4066346305436,25.540191205003172,61.0069196200415,10.405821449754585
Rice,Clay,530.121764396079,26.299255166321252,77.54996710112837,4.583356346737896
Groundnut,Sandy,549.3443293427711,26.19500281390276,55.915645209794405,1.6359904492214556
Tomato,Sandy,1111.3892915907818,27.404423331075627,67.27803673222972,21.80809745549576
Beans,Silty,711.2876593693618,25.082827300785944,62.689681165720906,2.6191561473896856
Yam,Silty,373.99783421140467,25.036748496923366,69.31790799544268,8.3965123346936
Cassava,Peaty,1408.426501430585,29.657668200104638,81.59024770889872,11.851993828310375
Groundnut,Sandy,1381.2219449157296,30.329078097726246,73.47656175709503,1.5117859344107847
Tomato,Loamy,812.1622938489319,29.174380638132696,56.35582355168782,19.452770671363684
Yam,Clay,1348.0033726408524,26.228338960947884,70.46696524803892,10.888752034687462
Rice,Silty,1275.529362544292,22.653917657470217,93.76851907517243,5.461080659901096
Cassava,Silty,1270.5206264826159,22.9097778990372,61.53662145476608,12.580260783876222
Maize,Peaty,1045.7190214892894,28.86261655945804,88.63070980186595,4.652392708382653
Tomato,Peaty,754.5376067812853,25.435466890308508,50.33594735648248,17.016778982446933
Rice,Sandy,610.7937021568475,29.590995167785202,57.04440743636296,3.364005447986609
Beans,Loamy,987.5438698566395,26.02926358324143,65.41052141999359,3.266740489397496
Rice,Silty,819.3752197667479,23.345222945483446,65.91313374707019,5.483597542833682
Tomato,Peaty,668.4418427780279,24.482845864129708,62.50613373535548,16.87733569939028
Cassava,Silty,482.6653676208115,21.470984559819513,60.99333426186245,8.941001926184082
Beans,Clay,742.2453009116332,25.596346639033186,60.28042463573425,2.3486544908230957
Beans,Sandy,1284.237438002151,28.708716239067503,55.31463775230414,1.5141787915138722
Cassava,Peaty,1215.827583369423,24.89866149879277,74.20806437264687,13.055732200163694
Yam,Peaty,1235.631777686246,27.6894275660741,61.85260854780727,10.97173694310401
Tomato,Loamy,1336.8798475543672,27.27464527361954,60.132288409845955,16.76638824952301
Tomato,Silty,1044.705373304264,24.129960790761743,78.17777902625296,19.077776542664704
Tomato,Clay,1199.0581772093378,19.467135273817274,89.21918652550623,14.911045869537773
Groundnut,Loamy,1048.5767986342494,29.541451696404437,68.28660725911618,3.4649694095736607
Groundnut,Loamy,1357.829096408399,28.82814639999109,88.57562623859704,3.19861851540655
Beans,Clay,1578.8866963808387,24.989795620329733,82.94652818242082,1.7899454080680706
Groundnut,Sandy,720.9954831748935,29.190105900813556,61.96171345526714,2.1430788135144088
Beans,Peaty,1143.3450867384072,19.425730949844255,63.9731278425365,2.116255530526309
Groundnut,Silty,1149.9008755666412,25.71933514201891,65.58544526041557,3.1443042326354607
Cassava,Silty,1053.2311304259688,25.831403109022563,54.05218250535654,13.83754421294703
Tomato,Silty,1170.1773961858871,26.5271043918268,75.50889156513138,21.908355534233532
Rice,Loamy,719.7990564830659,24.776680891071845,75.05424018641764,5.775699451297114
Cassava,Peaty,461.93566276762755,29.911410082337326,58.43865893282931,10.142459820322667
Tomato,Clay,559.6796360180938,26.84201916820504,62.95167024537356,17.46346627257764
Yam,Silty,554.342528187774,28.994292820470186,77.37828529992441,9.97472560798538
Groundnut,Loamy,1008.7968359360798,28.20685977261426,71.98823128840547,3.528560846048892
Cassava,Sandy,1157.4692894032853,31.083741067665834,67.23299472428357,9.980599807075933
Groundnut,Loamy,950.5455280045478,22.99389916774614,60.678343237075836,2.891463368770531
Beans,Peaty,943.1483818745334,21.239758923150145,69.21757833898377,2.351233174236571
Tomato,Sandy,798.2015672235888,24.194822097399417,55.74986448250632,17.160314749801067
Groundnut,Loamy,938.4692010104459,26.33248042767164,59.92016541204177,3.2900935450822195
Groundnut,Silty,699.6114606104657,25.047097970088327,95.0,3.1620049340400835
Maize,Sandy,1119.0986730340885,23.814863887795983,75.90873809366117,3.749326472691251
Tomato,Peaty,1318.3828918951715,28.98240473430736,76.67587324939049,18.545026869451338
Maize,Clay,1058.952149267134,31.23225387439561,66.61685652221064,4.727553744137213
Cassava,Silty,955.1154629406191,27.880202858562363,66.64684554761149,13.258629648412256
Maize,Loamy,957.5084861887035,25.54370207556715,69.05212422445634,5.363950285343877
Rice,Loamy,1072.40921907709,27.585036506546945,48.59344530437602,6.344257700189602
Yam,Clay,878.9695220392657,25.801177029552143,59.13906012721356,12.57680518839572
Beans,Sandy,1015.5422849301945,26.623749459492462,72.42941582016503,1.984913523995312
Maize,Clay,987.9075395916459,25.455947885690943,68.02717116804119,4.735121686802944
Cassava,Peaty,739.0243910563418,29.485477235067894,54.12426208459394,11.801522225272748
Yam,Peaty,621.2665391828436,30.55481799184982,53.371370285722435,8.603213830985293
Maize,Peaty,751.6484975180508,26.341500602016662,52.85565198900157,4.698407075049758
Cassava,Sandy,1092.1259350720961,28.881354398678802,65.88306933223372,12.302320477608648
Rice,Loamy,1235.3754369580342,29.676814951043063,56.680349273594906,5.2325752901924885
Yam,Loamy,606.6652165165049,27.62177981817456,60.01408802912965,9.715758044141703
Rice,Silty,493.4110899465255,25.700008553068763,63.97886035490101,4.231705168487132
Beans,Peaty,932.3405713936879,29.277587996800296,64.21344149860445,2.730249406458477
Groundnut,Sandy,695.3494148461525,27.39941149898515,49.84790585578013,1.8941745667486418
Tomato,Sandy,1138.7404568986967,25.8154048881533,77.750402195719,18.47192407012515
Rice,Sandy,999.0430861806284,31.09673982699364,84.99930689977907,4.732733958836021
Beans,Sandy,824.687217045388,30.845686678270404,53.69382803648834,1.6553193531454615
Beans,Sandy,608.3863369701878,28.633368793282678,49.25073377359372,1.512763659878013
Cassava,Sandy,769.6567498932477,23.608664655140306,59.30976060974314,10.672402776340569
Beans,Loamy,926.5435624709013,25.92896456916117,85.09231088224186,3.219796188058705
Maize,Clay,629.2777985588505,27.254721494795422,79.19726490257683,4.661563243034742
Groundnut,Loamy,1044.3181272185498,28.47412679282479,58.52072985688712,3.380890147421756
Yam,Clay,1022.6421729162839,28.98224732674735,73.06585973840849,10.593552260393704
Rice,Sandy,635.6425105419828,24.9353957075577,90.94330137426203,4.450349521584552
Yam,Sandy,1199.671470514362,23.68313049005168,59.630970269723875,10.252350560811296
Cassava,Loamy,493.98476826710237,28.903963650129167,60.2424094154419,12.456133204954934
Cassava,Loamy,1173.3187531687408,33.21494311328,54.788681314261154,10.566786416098745
Yam,Sandy,677.0901043359147,27.946032313477406,62.300956549928095,9.657479669794412
Yam,Sandy,918.5288260504267,27.57358269176614,57.814083854518586,10.391323387619376
Cassava,Clay,888.3630132786933,25.464027310186843,68.88727570503222,12.258728437142967
Yam,Peaty,937.5143987744384,24.44336809381867,61.64086608556575,10.670615698197864
Tomato,Clay,904.9040801484874,27.61869387379066,59.20123150441447,20.354719957249614
Yam,Silty,855.8475706152809,23.720470499914853,61.67115698292605,9.02779045002885
Cassava,Peaty,1280.6208651737268,29.906392121876397,80.82847203098278,13.691151068285137
Beans,Sandy,782.2541418014249,23.36962168807032,78.76093526539637,1.7758346810228987
Maize,Peaty,805.0745262372039,33.90513549173168,63.118498511650934,4.152371371929685
Yam,Clay,634.0330186730148,25.30250672598196,52.604249291617634,8.619391219378224
Beans,Silty,848.8766237352544,27.183282131165477,71.67486961967936,2.616757226354626
Groundnut,Loamy,809.2355175316214,28.8634045718325,72.44855407074256,3.576783646509577
Beans,Sandy,347.854260648838,27.19994664708746,67.40848229793922,1.0225006814374316
Beans,Clay,806.1352069711642,22.300361177511213,73.0578187401114,2.155346859150576
Yam,Sandy,779.729499705358,31.324175091124513,64.5090060587193,9.5110767344302
Yam,Silty,1020.3453737862753,31.72261316957735,72.77432980983808,11.417013605605236
Maize,Clay,541.1369127390976,23.933584089053014,62.540151276810484,3.3480998320572293
Maize,Clay,413.2343073736508,22.287147754030507,61.921693311888795,2.930439448196233
Tomato,Loamy,920.5205552976388,25.481582256820683,78.08688304848619,22.082536477585865
Maize,Peaty,952.8355781966201,22.092751362645807,63.912101891153895,3.896692860280186
Yam,Peaty,706.2659875200209,28.33687061719683,48.89174795040559,10.265250943197543
Yam,Loamy,1135.9748480203389,24.325412847405218,65.2130116664861,11.515879552176228
Beans,Peaty,514.8541842049644,23.81114109225133,95.0,2.271273535554854
Tomato,Peaty,748.5369627294768,18.0,67.89104854947384,15.005402518257402
Yam,Silty,777.6117802146082,30.232789543791192,43.997414421847154,9.00421641601045
Maize,Sandy,704.3929422586273,25.971465858842443,49.83499616712174,3.531207295934376
Maize,Loamy,1042.7895285005884,27.701398251681024,67.48028086995228,4.8838081337570705
Maize,Silty,813.974735530845,26.416905923226338,77.57917251668971,4.9147771476038775
Yam,Silty,1275.5635778370042,29.6347455307753,53.23255027079094,7.904669181631691
Yam,Loamy,928.9601159460807,24.391808852124882,79.08274812506723,11.848800758580623
Yam,Peaty,1036.4714947224184,23.102390089347928,63.686229084715194,11.616099182066657
Tomato,Peaty,1224.330847574157,30.96760825302099,65.09286001305944,13.856971543278817
Groundnut,Peaty,1098.4668692199673,21.574120029001495,61.0796889369566,2.517467966274563
Maize,Clay,750.4948789218523,24.747793018209048,64.37065080205399,4.408275634955045
Cassava,Clay,1172.8097707103107,24.20299658440035,66.44193120054852,12.957025876133525
Tomato,Loamy,1118.3245835055914,27.521354894348224,74.46614855782728,21.742577221570137
Rice,Loamy,735.5781432191676,24.79229903183072,79.69275775914532,6.156010926199295
Beans,Peaty,947.0244904102561,18.69178381262601,58.112718035607,2.1843123952820642
Cassava,Silty,930.6572941131681,18.0,60.29295658236618,10.150412493709387
Beans,Sandy,1150.2124849469346,26.264097868793,63.01213024851021,1.5738658641225944
Rice,Peaty,571.9904837765723,20.53245458068104,51.97784755867306,4.23525093050763
Yam,Peaty,957.1681143860751,25.202763120806804,43.51338776657723,11.54390586271084
Beans,Clay,755.7539040341688,26.808847917024785,67.76587572115827,2.3188792928338566
Cassava,Clay,691.7157439927861,24.37934704333118,55.72287805813904,12.739161222232374
Rice,Sandy,978.2546113539213,27.554039630262704,76.52546092966004,5.0742070629598
Maize,Sandy,855.2227640955346,28.5203738430468,46.964706953033115,2.8707628902740594
Cassava,Silty,1012.1076127701997,28.664258166031587,58.70080982294385,15.199502934758321
Rice,Clay,1009.4285451148161,29.081226787514275,85.62488191698932,5.619012257575277
Yam,Sandy,510.48220005201597,32.433284523318655,70.05693088458248,7.629041115211178
Groundnut,Peaty,984.5116327084379,22.44187508214989,62.64915710008429,2.468197037546305
Cassava,Loamy,795.3267032838021,24.945414631265326,48.280609935735235,14.552880936380616
Maize,Peaty,841.377270977938,29.6517324033051,70.6528072981927,4.800573423356563
Maize,Sandy,934.8230333772507,29.345775099470572,74.0373476105333,4.1396059774344325
Rice,Silty,1297.9034283780163,25.327344610792984,69.69576320512815,5.1898501112097435
Yam,Peaty,689.9661798190117,25.76151792695552,59.0933977618927,9.408045074646713
Tomato,Sandy,969.2179760049862,31.430802544520095,71.6526960220836,14.642966310921175
Yam,Sandy,754.8805356671133,28.58578026140717,64.83037688947246,10.223359994039589
Yam,Silty,894.1696798498572,31.705417402315852,64.76407775497896,11.459074809320214
Tomato,Silty,1073.4318423717498,20.74683412954613,78.39959187393927,16.89475001583107
Cassava,Silty,647.1414633574925,22.852240848438605,88.71666484197439,11.562105116255179
Yam,Silty,930.7892835734955,25.5295797957394,64.46205338803752,10.912008965388038
Rice,Clay,618.4875183870506,25.61594671990105,76.10359476763492,4.983392280169057
Tomato,Clay,1121.386912997606,26.975150833318,58.49377677908794,20.645402159204725
Tomato,Silty,596.9280516245146,33.46733399007361,64.79255068530814,14.13574666992642
Maize,Clay,1206.791092258973,25.16292522150286,46.460241694260745,3.7203329240083596
Maize,Clay,1116.3543619788504,26.107445215690486,81.47906169968569,5.001257059487522
Tomato,Loamy,856.8634376737193,28.15261206180902,55.01735660403421,20.36795991934422
Groundnut,Sandy,461.3887779617797,26.33737887101236,61.36332577561174,1.6559935618737571
Beans,Sandy,800.8084348770352,25.313858734223945,76.52085156705921,1.901162851025435
Yam,Peaty,1072.1754792956604,25.564219520336685,67.8759043587075,11.431657123429774
Beans,Loamy,553.6285945443369,24.117064082000333,70.46827902265906,2.8792396488224563
Cassava,Silty,1257.362516157508,26.50952705050198,42.39350045675404,8.723859743880608
Cassava,Clay,894.8767374801955,26.769356867668904,72.59840521651172,13.91167822854841
Beans,Loamy,792.5975392081679,27.11763600419052,67.76927353946333,2.9996381057530064
Maize,Silty,738.4368393517512,23.955989231862837,58.49130188638052,4.75374042556043
Maize,Clay,719.4264892018593,30.2413771265699,90.71298247938495,4.54626444487422
Maize,Silty,1169.3802671494452,24.880260869195833,65.31961016571479,4.244578019569
Cassava,Loamy,737.1905040273118,25.589899149885277,56.001259623435956,12.946657899182336
Tomato,Loamy,868.9321032856011,20.47469380785615,56.04655322121817,14.195150762063873
Maize,Silty,1030.8625146540887,27.89791877648958,55.55114728040735,4.899721165471057
Yam,Loamy,604.0613830649344,29.596754718981256,74.81633304468527,11.356460605147916
Groundnut,Clay,1206.6342013002004,25.272462120351765,72.84201585846216,2.4702277676324274
Yam,Peaty,300.0,25.943303749540796,66.09307960142033,7.300057337120607
Yam,Sandy,597.7588178154281,25.02746567013626,54.141528680169756,8.258162567097596
Beans,Silty,1284.2882665250106,24.547225861783705,56.32390948732156,2.2447315901657934
Cassava,Silty,1191.4611457982387,26.629063700039246,48.24680964431744,11.210645627877728
Rice,Loamy,1042.8278587960897,19.76849318242598,61.14428107354541,5.333657701402467
Groundnut,Peaty,1287.3059036055622,29.271661451344894,51.98864478997571,2.3744283324387174
Beans,Clay,652.3469922956883,23.605461920161705,83.08122310542274,2.1018937345335997
Rice,Loamy,786.5140356250957,26.910262345408896,71.74213301886287,5.86839965585817
Maize,Sandy,367.92827811742063,28.538975859451227,35.37763850514037,2.1920864243785023
Maize,Clay,1061.7967795751777,22.455563323633207,50.9640272468778,3.673240569171517
Groundnut,Clay,1238.7286594019238,27.65175551825347,40.61680171947556,2.2677348554082655
Groundnut,Peaty,826.4103329735442,28.83862338818568,67.68468989991445,2.779538733998723
Beans,Silty,934.6874012084139,23.664236221695077,58.05988850166146,2.736558322672936
Cassava,Clay,890.1043679050777,28.939226927560547,47.66624790616531,12.9889638867591
Cassava,Clay,1219.5991709628074,25.108395333899352,62.10034859405155,13.288485315106358
Beans,Sandy,611.7012408653102,35.93071645651543,52.0568868399592,0.9327771745033611
Rice,Loamy,969.5805523480898,26.335897035977606,62.782875553684306,6.005848643065303
Groundnut,Peaty,1459.0569957499094,26.23003178800318,72.16317191387715,2.262025042344665
Rice,Peaty,781.5846477058909,21.575539742037623,63.07254631855077,4.4924333972259
Groundnut,Peaty,588.8579694280261,24.979984878558007,54.218714398951015,2.656704389455052
Cassava,Peaty,1046.1979596287956,30.39556515692093,63.2465250630151,11.689053364285925
Rice,Clay,1123.5386568469808,22.587920934200497,69.70431933271895,4.8178491752764145
Cassava,Loamy,1022.6120500399308,23.732152254537343,53.2936618518231,13.789277952558635
Cassava,Peaty,300.0,29.270643542593525,52.56486454317478,8.819008488620588
Maize,Clay,904.3582388881064,30.48518041082236,66.84557216643442,4.863274498810907
Cassava,Clay,897.8641050917126,29.356065617645136,62.71505891587945,14.513479550451052
Maize,Sandy,1438.036499423511,34.427691264952855,68.38486395472759,2.3134696785131803
Cassava,Peaty,591.3286762684846,22.407999948977732,80.07702696629161,11.43736779371492
Groundnut,Clay,902.8920587491019,18.648854846725758,62.71325222651598,1.8895724382539667
Tomato,Loamy,1158.7080023798417,29.018380819454688,69.7455037855897,17.98716178760316
Tomato,Sandy,1063.64346583608,31.358174288190554,90.41851774916236,16.99864976160206
Cassava,Sandy,707.0106743390124,27.60377515934776,65.16082229861647,12.102969898452839
Groundnut,Silty,613.6323050929963,23.35607486412588,52.7092967468235,2.4238957085651758
Tomato,Silty,887.3714129121896,26.420784318791966,55.56181863201104,21.639495404843405
Beans,Silty,1176.288314648269,26.31732552078449,64.70966134122375,2.6232095064397174
Groundnut,Loamy,1085.180139594332,25.560330187053957,71.22094355041597,3.2268152808129527
Cassava,Sandy,749.2244848988989,29.980879556301677,65.73171850920399,13.435000743799618
Yam,Peaty,516.1940389389142,24.843239639085517,48.38466862358824,7.485490195629393
Beans,Sandy,898.9135137127088,25.321116581535094,60.35644883233481,1.7457387049978352
Beans,Sandy,708.7685160128104,22.372531356708453,74.55260740983593,1.5253092951605272
Tomato,Peaty,763.1865339135248,29.96094462914877,77.98636796719165,19.192740844636575
Cassava,Sandy,1092.7552980420353,29.012121712698757,48.07267879146888,10.757728029731211
Maize,Silty,1054.8005820344886,26.083604824024892,63.05419494829662,4.4086214302262725
Rice,Silty,775.7306827324328,24.646860399482627,66.41403290621157,5.6781519054941185
Rice,Silty,894.7955721919594,30.90390932083931,55.0403266762427,4.554988909383812
Rice,Clay,484.5923533526972,27.05135608509186,55.634550505896016,3.3752789244951074
Tomato,Loamy,760.2339545926011,21.268332439695307,75.77806148608748,16.64413295260391
Rice,Silty,709.3174729837071,25.10685808408021,69.13798051372456,5.6065507836187445
Rice,Peaty,876.6673039303745,28.850158525441042,73.94754328308105,5.792168966668893
Yam,Silty,524.2233134599062,29.09710954872996,65.50608438969381,9.080810696371366
Beans,Clay,528.7632554425379,32.7541271037771,64.7327206563864,1.796437977388476
Maize,Peaty,466.5610427439342,26.511365355369772,69.0169388827135,4.0107697299217815
Yam,Peaty,329.93964128685127,21.60418529396081,89.62423548515953,6.389510607882876
Groundnut,Clay,657.1374482714252,26.361404315952463,72.50249911519884,2.39420802889826
Cassava,Clay,919.6893730977869,28.612977962048845,61.78871590377049,14.29071694338853
Tomato,Clay,865.8656562179642,33.05399476762233,57.66085029945059,17.3683800414488
Rice,Sandy,622.1686611025839,27.74833396623066,65.08839125420447,3.8498965983116715
Groundnut,Sandy,938.0352819882146,26.74594568442474,64.17707037129578,2.130866016738603
Rice,Loamy,936.3568647038952,24.74630025672677,95.0,6.0612021724498675
Cassava,Peaty,768.5070528099955,34.14172695013588,49.15838420027001,10.189849765714682
Groundnut,Peaty,986.7365992153825,31.32720106913829,79.58995231696505,2.7238507847755113
Cassava,Loamy,415.33347164044255,27.346825529826752,55.47212686601697,10.05275819927497
Tomato,Clay,1005.2667945469595,21.062009565485372,66.77941528149904,15.311628318350865
Beans,Sandy,1200.2303466617423,29.057712810697677,78.79043765204652,2.0206668828764704
Maize,Loamy,1289.7326322346266,21.870730203373846,73.95320401453884,4.096873255816316
Tomato,Clay,1059.7621654991551,30.307330338092246,75.98322063975854,20.29307241847335
Cassava,Loamy,1036.9853122819745,28.06317426431017,71.49627007503176,15.02453896052641
Rice,Clay,476.92597029688875,26.54054283719765,48.393842073852966,4.033193386777911
Maize,Loamy,776.7379566937882,27.445382106040253,74.07784057905967,4.676500860583941
Tomato,Loamy,994.774071410941,18.0,53.278298083100346,15.852414408941382
Cassava,Loamy,997.3227391162261,30.087691739801123,67.58125081305757,14.510169444479477
Yam,Clay,930.1112975597441,24.78670364754462,80.16180013018776,13.301204872307414
Groundnut,Clay,793.8917219637558,23.661790862222194,80.32368392900196,2.7243491417121435
Groundnut,Peaty,735.2556579142621,28.489823344228675,51.976663284056784,2.754140102751558
Tomato,Loamy,1324.0718414160676,29.479834189384356,48.41574140454654,16.48022905081231
Cassava,Peaty,674.1609864850061,26.79286449481424,81.96229222161173,14.271942673795111
Groundnut,Silty,709.453960360567,23.535854749907124,79.68950523002209,2.657013020450595
Yam,Clay,882.9318983365101,30.625963156850727,72.37121561630296,11.44624592290341
Cassava,Peaty,1215.9010449613052,38.0,73.29538518707498,8.558709290196283
Yam,Silty,734.2548231775402,26.252014181184435,58.584797116794405,11.06463516701857
Maize,Clay,1224.263398516001,26.44408549236111,50.50064066400967,4.425432209468191
Groundnut,Silty,451.1098893433877,29.493505414725625,77.30824021080159,2.0465634388388936
Maize,Peaty,871.2819570599944,29.57078818958016,58.811040984509944,4.317309552719038
Tomato,Clay,778.2361829383186,28.897191276920438,51.66181214030492,16.624719354195094
Groundnut,Sandy,965.6551766824756,30.228595066326726,58.6088839889427,1.8014854721332858
Yam,Peaty,504.03072136143777,31.380112482132187,80.8460564897886,9.482805602568293
Groundnut,Sandy,687.7038024514065,26.2648047945063,49.459523878023205,1.621871214259147
Rice,Clay,1068.8307696982808,23.326488107127652,73.11346322360089,5.275960071502105
Cassava,Silty,1047.9754748855555,30.705033688070323,70.72493109116253,14.291485448582078
Yam,Peaty,868.3464411511625,26.863560311203646,62.07500063677661,12.110971334586589
Maize,Loamy,1001.9868400384986,26.380696415725318,56.1712390418585,5.505250538483167
Yam,Sandy,635.1603968161538,26.322093604226318,44.08040386751166,8.862144435025286
Groundnut,Loamy,750.6385929076122,32.546100664312355,51.126150565494655,2.8931413975895715
Tomato,Peaty,1180.089654966339,26.889614262657815,51.391176326920075,16.624743273369674
Cassava,Sandy,721.3798091823838,24.481585818646536,61.08423853434507,11.64611836398938
Yam,Sandy,578.1729829397684,24.612146713534326,63.083935006130226,8.607737722269636
Beans,Sandy,960.384114108203,21.352435658142014,70.01817633904118,1.660314026760457
Cassava,Clay,584.5168646536076,33.15319143359712,52.161393037024915,9.630899442950295
Maize,Silty,1056.2107427477401,32.97400273458565,71.73966646569242,4.0784342679534715
Maize,Sandy,735.914142988529,27.572453039883438,49.482996703810514,3.243256304346044
Yam,Sandy,995.7025442310268,21.041632820581395,70.96744841600797,8.543480668700258
Tomato,Peaty,808.4892485056279,23.06732205657505,65.90965469551102,17.367960224886144
Tomato,Silty,900.1378539586059,26.469131819173494,72.1016122271721,20.330096139426587
Cassava,Peaty,1006.1714106548256,23.151152521969166,51.799878155006525,13.110892472052086
Rice,Clay,574.0043189622431,24.833023849705324,54.15522132864416,4.912111655349728
Cassava,Sandy,790.5803400386287,29.016681412702223,48.725765768830044,11.137115135091841
Rice,Loamy,1017.5799947779374,26.658893060702944,67.9761621285707,6.203228781505513
Beans,Silty,823.0021460303676,25.508072945627756,67.78325010354305,2.8767921710935243
Groundnut,Silty,593.5647669997245,23.503752520998844,69.78658167137681,2.8370997949347307
Groundnut,Loamy,792.9662127559815,27.785191594049714,51.358142929838856,3.402832718644051
Tomato,Loamy,725.9411245652575,26.416215868674936,58.67556521523661,21.50591344921975
Cassava,Peaty,940.3950939900542,29.00804259827952,56.1108007548255,13.630371748112443
Yam,Silty,495.9395065346385,27.884437710721635,64.45085522068233,9.44525927113971
Maize,Sandy,967.3841669670213,31.680701289866555,50.845911054978686,3.216671877474159
Groundnut,Sandy,1025.040725609257,28.607919436697294,95.0,2.474466210241837
Yam,Sandy,820.1612646983478,23.52480669135951,61.228190849196395,10.467589792907964
Beans,Peaty,1004.8453563557088,26.249794646210052,60.514368574244294,2.642119632422277
Groundnut,Loamy,1118.5891313243087,23.478154226150703,74.14811071317739,3.0899970812740722
Tomato,Sandy,850.0889069597531,32.480259922336444,59.98310445222625,16.556314122196746
Rice,Peaty,672.7706989680506,26.745000306005693,61.80098138452235,4.913979185834334
Groundnut,Loamy,1189.1237955155666,24.905072428338833,71.79689459205927,3.255923006261975
Beans,Clay,1034.9840539908746,22.05270376584807,72.53710193798192,2.1728280394441226
Groundnut,Sandy,563.4872130971519,27.428338132616854,76.12340501564744,1.6542459434340513
Rice,Loamy,1018.2014661275473,28.678664132764286,35.78984841909792,6.162726902453637
Groundnut,Peaty,1081.19885223777,26.497608436682942,42.73575789737306,2.796188807545514
Rice,Silty,1041.4222404876684,26.234196254080448,67.85647254939653,5.547048343398974
Tomato,Peaty,591.0214497410053,34.859492988687165,91.85538361984415,16.636478568049064
Groundnut,Loamy,878.0174268592533,31.08291347011523,63.84588202068647,2.869486980838831
Tomato,Peaty,1193.4943603598513,26.890313123205978,50.2977889120262,17.49816706054922
Tomato,Silty,1145.721021680674,21.388418615975368,68.44197044176012,15.772585079617086
Yam,Silty,961.9723242524286,25.83170215140789,75.05826926510441,11.481964405675228
Yam,Clay,300.0,19.35478661185227,86.57830891974216,7.650114710979265
Yam,Sandy,685.8045208643069,25.955428760784624,75.48289042983637,10.031010318570292
Rice,Silty,896.6834268748751,25.009155654709996,58.68568704809755,5.674033346883501
Yam,Peaty,1017.4496298621142,25.349473641227863,66.52840765577876,12.886978784918673
Maize,Loamy,1139.149128449918,20.727885004406602,59.355643836312865,4.208721240060706
Yam,Peaty,390.4124583524285,26.66326548337528,82.48026621099515,8.250404394753817
Tomato,Silty,986.2521361144403,27.64577993802973,83.78924570545297,23.392258101545128
Rice,Loamy,806.397827099423,24.40816106062396,62.29132168376437,5.304089466799515
Maize,Sandy,799.6716906836361,24.648738850078836,70.98390091545203,3.5488839709702162
Yam,Silty,775.6322789922461,31.056837554329643,60.287149061245195,10.849316828313606
Rice,Loamy,1093.4144871657666,27.384814122516694,45.039231051881075,5.959676603469725
Tomato,Silty,1105.2741801122513,29.415862669040997,55.7204422278639,17.78294820466652
Maize,Peaty,821.1552523532664,30.27750247813274,62.861588685643724,4.777288251212624
Groundnut,Loamy,974.8734983656786,25.69096080440904,67.7891313687382,3.601293350061872
Rice,Sandy,1038.1053553578024,27.16226026687397,66.49524851294507,5.493774940949497
Maize,Sandy,920.6449919508867,27.75058930777612,56.577553957388375,3.8825618446755428
Maize,Clay,1121.1595332879733,29.622273139188216,51.688891329145875,4.411719184212813
Tomato,Clay,643.3822475238401,31.677346581011726,82.55934796085543,17.486397481131757
Cassava,Clay,1099.5367942735522,31.88520253484288,73.7368223051807,10.900282238535544
Cassava,Clay,1177.070791264811,25.216665281545325,52.644499131711086,12.68255979509969
Cassava,Clay,985.7987920397294,29.60192394447392,58.202697344038455,12.024129133087984
Yam,Silty,761.3191576279869,27.511335250063393,48.88008275645282,10.64617471099762
Maize,Loamy,1057.5424519881672,24.24074710194356,50.98082756818338,4.8400368135836125
Yam,Silty,1005.3455364500633,25.207440544735416,68.57389330983924,13.209951765879465
Rice,Loamy,475.3815366871588,27.711201183352248,89.5274836545513,4.7308865390262795
Groundnut,Loamy,841.152787411645,27.335590357462724,67.33102583784526,3.574106130447804
Groundnut,Sandy,1232.0874848751323,26.588205194247312,60.798358712304406,1.7424222548048198
Beans,Sandy,971.7031671007184,34.18900100965145,70.49882572743033,1.5225913346193645
Cassava,Clay,836.4733182688456,30.446245209166417,89.10432368347784,15.421725135204388
Maize,Sandy,909.1391506415323,27.73401619993563,55.95791216686095,3.4798323632209796
Beans,Silty,912.9480089757037,25.97802708500663,47.36669954336379,2.6994530639995684
Beans,Loamy,595.0592976261391,25.704373462829754,61.14856399140387,2.680414433415481
Yam,Peaty,405.2455938557389,20.0497035325116,65.0394294133891,6.6572473735513755
Yam,Peaty,759.8668878474356,23.78726668217684,64.91220640766063,10.318457305302026
Maize,Clay,815.7009150194501,26.813851968990228,94.70501767517531,5.024677515782728
Maize,Clay,1068.0404526804518,29.55990575301375,68.47384718493502,4.540291728271403
Cassava,Loamy,750.241585419219,28.13931580993744,89.3437500490951,16.237398407744145
Groundnut,Sandy,1122.5157475075575,23.957884319442716,61.873854149603375,2.0435351564689377
Yam,Silty,699.5747952552017,25.30744091701895,91.17650952654243,12.082397160710112
Tomato,Clay,953.7829024917061,27.861630988139023,61.33410934808123,21.919633228686493
Tomato,Sandy,630.8994201633745,25.766423067228473,75.98094229249065,17.96787284733093
Groundnut,Sandy,1162.4809600060444,30.86208621649379,59.60429491193434,1.7810896145873039
Tomato,Loamy,667.1749632755383,27.43457831246683,65.37688145095812,17.969572000390617
Maize,Loamy,623.0884638115546,28.592709499196236,41.388329639697204,4.020833537155865
Cassava,Sandy,1008.945357003075,20.690432574808547,65.38075038242648,12.163461127700762
Maize,Clay,430.4640320135065,28.044433605708345,53.13234444343455,2.909214608430377
Groundnut,Peaty,1219.3557008026125,29.098806059771253,56.418308858205435,2.6961636425616122
Cassava,Sandy,704.2340924073575,24.116379593545624,65.93984830086717,11.487746943516322
Rice,Loamy,854.572922172404,27.078425343461806,71.48157160349868,6.26802245296698
Rice,Sandy,1004.4545527492434,29.891432402784673,58.32768931132845,4.4487618868073335
Tomato,Peaty,613.2822239104873,33.3164576868958,48.93014030312509,13.056950852181151
Cassava,Clay,1468.861019186038,25.23827489903497,58.989906121657604,9.322490741216065
Maize,Clay,814.6051374848271,26.5348961838216,30.0,4.007675524672179
Beans,Peaty,1170.0278873272223,31.581713318977908,62.74750326329843,2.4290711593461936
Maize,Loamy,1099.5090091009872,24.99633470302898,50.78363038243934,4.806101822622609
Cassava,Loamy,947.0614395500202,32.23770851687433,56.01520743421035,13.181722157154981
Maize,Loamy,958.5854545871928,27.758389900307954,72.93790080709007,5.547482266351554
Maize,Sandy,1128.8798075440666,33.06079808013888,57.99435893292658,2.4331538878696644
Rice,Clay,813.8930975464413,26.54114000415646,71.67413306877215,5.323194895699598
Beans,Loamy,873.9689255964876,32.14413878294756,65.36083524936298,2.6433368322183552
Yam,Clay,936.1997796314963,23.047001997581575,46.25235815691007,10.424434144561403
Yam,Sandy,804.2845011875982,28.027807519030983,67.25745973034601,11.342571510746081
Groundnut,Sandy,300.0,26.15825364531162,71.2148502581376,1.2018467209726449
Tomato,Peaty,1095.1819952363,27.28323831638257,83.0950330068184,23.568282315511475
Groundnut,Silty,848.5079956115576,18.0,61.08197363731369,2.0507853813092622
Groundnut,Silty,939.7463848912005,29.43549514609372,81.76004566337829,3.158440327066199
Rice,Clay,960.437375757175,22.414242621991786,58.255137498678565,4.5994498668155295
Tomato,Clay,653.7150259403818,25.957084410167113,63.06751663044696,17.593020944322323
Beans,Clay,1066.7435610009925,31.082984972863855,61.0276978266656,2.4145431615083086
Tomato,Sandy,539.0200817426371,22.75169409868075,65.11054031158507,16.049018749488493
Groundnut,Sandy,776.0597147092464,26.243937156417317,71.87393748065186,2.021826151441377
Rice,Peaty,550.1972315270004,24.998976110880076,79.129541035224,4.833577454537146
Maize,Clay,1221.3974329095229,24.951752742789346,82.03946695378959,4.831652238071742
Groundnut,Clay,510.3771228833612,35.01325215371014,69.64731267517456,1.6469922100247771
Yam,Peaty,1082.5987246255504,31.588284224602543,57.05182653584124,10.244572759860377
Beans,Sandy,1073.2469428927209,26.919691206304844,68.37211106584175,1.8830263175820205
Tomato,Silty,674.2598947561744,29.766505751394817,82.87644844089725,18.66434556168123
Yam,Loamy,1012.367742411663,27.028342339721007,46.680851199623405,10.517737149388639
Beans,Sandy,343.8587718712978,31.92810755466965,69.41243875015657,0.9769177474113164
Beans,Silty,425.7935776946959,26.991805141345647,88.64587958580772,2.2753646956887965
Beans,Clay,775.2253740045102,27.193337407511034,79.57620618671518,2.496077725635803
Groundnut,Sandy,1268.6983440724387,27.159452373897583,78.09446108703395,1.8228037814294744
Maize,Clay,971.1430913789989,28.521756691751307,66.5795517371501,4.503361334019866
Cassava,Silty,784.9265381227648,30.358411219256748,62.56331399517605,11.380029925011087
Yam,Sandy,451.0532803966896,29.162897651438794,51.18194826351867,7.5949628197750485
Maize,Clay,883.175765323458,28.534418211838293,66.89964244508631,3.8112483793783403
Maize,Sandy,1010.526814856492,32.740989837642495,85.23749139898997,3.1647641552801087
Groundnut,Silty,492.81014843592055,32.319597762885294,77.15427449778261,2.362304743954881
Beans,Loamy,1258.9640860908632,31.239638181660485,78.89653635987345,2.8509989917058594
Beans,Loamy,1099.452456324565,29.856146668392903,62.71235036489648,2.919563376194979
Rice,Peaty,1332.6701882800976,24.377114766798318,61.839479894624304,4.640128503698291
Tomato,Peaty,764.1847465972635,33.59232220620415,70.06514318654206,16.85940565834116
Groundnut,Silty,783.2439774364066,26.690488432452028,49.96013325174046,2.8390009353435235
Beans,Loamy,1094.4408320902248,28.469988625244973,61.67516831553752,3.034783704661881
Cassava,Sandy,604.6930174086265,27.714587536083833,73.39411767750494,9.996886135686516
Cassava,Loamy,464.74375955199264,26.588419306519636,51.039306750857286,11.918206651560704
Maize,Clay,470.95062808900053,27.466732495587106,60.03556423975012,3.0485147329380915
Beans,Clay,382.2102437630833,23.373156595959063,58.097380754950585,1.7805512547391191
Rice,Peaty,1186.723384305169,26.463541733382186,35.87230106245813,4.87955341677829
Yam,Peaty,1220.7855060315278,28.62032153410302,50.72596682793857,9.664665826165505
Cassava,Loamy,531.6503209873252,22.98255570147365,76.31061861398341,10.771577625103939
Maize,Clay,1297.2725064679842,28.61369592350799,60.418386027473865,3.541520515387559
Rice,Silty,893.642527125882,31.89064821864323,75.72360253531328,5.109954747655768
Tomato,Clay,1276.0418734628192,32.11881066416992,42.47700828655119,14.837462116413272
Tomato,Loamy,631.3359776359885,27.91611133151019,48.80483850816327,16.91556046298853
Groundnut,Sandy,770.0542713194404,26.74982527218303,52.81320005713417,2.1941609765998313
Groundnut,Sandy,1366.5863873793342,26.439720108226933,58.414520452434694,1.8911182097467623
Cassava,Clay,853.6440742828275,29.5201659367406,50.14729030043266,13.244797789248194
Tomato,Silty,1230.0245826898365,30.115155760535494,80.59974023453086,18.84162582748012
Beans,Peaty,1448.5962076616743,21.656565345673116,47.8818430535143,1.869612075593082
Cassava,Peaty,949.2832199376829,30.49756294895772,41.050367270336494,11.535652171927469
Beans,Silty,1102.9068491394517,21.58469035693845,49.666173847608235,2.4249750031737314
Yam,Peaty,858.6682918604037,28.995603764379783,71.4534580024771,11.662635150984402
Maize,Loamy,1046.871765790007,29.14583491771279,75.7282928370831,5.4289247387882975
Cassava,Silty,1079.488441955987,26.995166219200804,59.20715066811988,13.510498686585896
Beans,Sandy,1131.0993825021515,22.03659843246993,53.078168782322976,1.3903031356785247
Tomato,Silty,1174.1129427641408,21.25705718863471,81.21616506502983,19.324446863574682
Maize,Clay,300.0,26.74722432178465,78.46909291159787,3.675796178924512
Maize,Peaty,1355.514567212371,19.202236614641546,60.58339263404855,2.894961690376475
Maize,Clay,1237.5586411443428,30.339782794016884,48.793399415049265,3.9652760152747275
Rice,Clay,465.4790598273064,19.765451599194094,77.45587148024931,3.267769094427492
Cassava,Silty,845.8752985357202,28.27414378389621,64.00578647998944,12.52611672084704
